video_id,execution,worker,procedure,view,action_vocabulary,segment_count,duration_seconds,fps,resolution,annotation_status,media_status,official_split,disposition,reason
AL07EJ17_Disassembly_A_001_front,AL07EJ17_Disassembly_A_001,AL07EJ17,Disassembly_A,front,DETACH_ADAPTER_PLATE;EXTRACT_BEARING_PLATE_ASSEMBLY;NULL;REMOVE_LOCKING_LEVER_ASSEMBLY;REMOVE_ROTOR_ASSEMBLY;START_ANGLE_GRINDER_ASSEMBLY;STORE_ADAPTER_PLATE;STORE_ANTI_VIBRATION_HANDLE;STORE_BEARING_PLATE_ASSEMBLY;STORE_GEARBOX_HOUSING;STORE_LOCKING_LEVER_ASSEMBLY;STORE_ROTOR_ASSEMBLY;STORE_TOOL;UNSCREW_ANTI_VIBRATION_HANDLE,24,133.267,30.0,1280x720,PASS,AVAILABLE,train,KEEP,target procedure and official S2 split
AL07EJ17_Disassembly_A_002_front,AL07EJ17_Disassembly_A_002,AL07EJ17,Disassembly_A,front,DETACH_ADAPTER_PLATE;EXTRACT_BEARING_PLATE_ASSEMBLY;NULL;REMOVE_LOCKING_LEVER_ASSEMBLY;REMOVE_ROTOR_ASSEMBLY;START_ANGLE_GRINDER_ASSEMBLY;STORE_ADAPTER_PLATE;STORE_ANTI_VIBRATION_HANDLE;STORE_BEARING_PLATE_ASSEMBLY;STORE_LOCKING_LEVER_ASSEMBLY;STORE_TOOL;UNSCREW_ANTI_VIBRATION_HANDLE,19,118.5,30.0,1280x720,PASS,MISSING_LOCAL_VIDEO,train,KEEP,target procedure and official S2 split
AL07EJ17_Disassembly_A_003_front,AL07EJ17_Disassembly_A_003,AL07EJ17,Disassembly_A,front,DETACH_ADAPTER_PLATE;EXTRACT_BEARING_PLATE_ASSEMBLY;NULL;REMOVE_LOCKING_LEVER_ASSEMBLY;REMOVE_ROTOR_ASSEMBLY;START_ANGLE_GRINDER_ASSEMBLY;STORE_ADAPTER_PLATE;STORE_ANTI_VIBRATION_HANDLE;STORE_BEARING_PLATE_ASSEMBLY;STORE_GEARBOX_HOUSING;STORE_LOCKING_LEVER_ASSEMBLY;STORE_ROTOR_ASSEMBLY;STORE_TOOL;UNSCREW_ANTI_VIBRATION_HANDLE,26,117.8,30.0,1280x720,PASS,MISSING_LOCAL_VIDEO,train,KEEP,target procedure and official S2 split
AL07EJ17_Disassembly_A_004_front,AL07EJ17_Disassembly_A_004,AL07EJ17,Disassembly_A,front,DETACH_ADAPTER_PLATE;EXTRACT_BEARING_PLATE_ASSEMBLY;NULL;REMOVE_LOCKING_LEVER_ASSEMBLY;REMOVE_ROTOR_ASSEMBLY;START_ANGLE_GRINDER_ASSEMBLY;STORE_ADAPTER_PLATE;STORE_ANTI_VIBRATION_HANDLE;STORE_BEARING_PLATE_ASSEMBLY;STORE_GEARBOX_HOUSING;STORE_LOCKING_LEVER_ASSEMBLY;STORE_ROTOR_ASSEMBLY;UNSCREW_ANTI_VIBRATION_HANDLE,24,126.4,30.0,1280x720,PASS,MISSING_LOCAL_VIDEO,train,KEEP,target procedure and official S2 split
AL07EJ17_Disassembly_B_005_front,AL07EJ17_Disassembly_B_005,AL07EJ17,Disassembly_B,front,DETACH_ADAPTER_PLATE;EXTRACT_BEARING_PLATE_ASSEMBLY;NULL;REMOVE_ROTOR_ASSEMBLY;START_ANGLE_GRINDER_ASSEMBLY;STORE_ADAPTER_PLATE;STORE_ANTI_VIBRATION_HANDLE;STORE_BEARING_PLATE_ASSEMBLY;STORE_GEARBOX_HOUSING;STORE_TOOL;UNSCREW_ANTI_VIBRATION_HANDLE,38,220.967,30.0,1280x720,PASS,MISSING_LOCAL_VIDEO,NOT_IN_S2,EXCLUDE,outside selected procedure or official S2 subset
AL07EJ17_Reassembly_A_002_front,AL07EJ17_Reassembly_A_002,AL07EJ17,Reassembly_A,front,ATTACH_ADAPTER_PLATE;FINISH_ANGLE_GRINDER_ASSEMBLY;INSERT_BEARING_PLATE_ASSEMBLY;INSTALL_LOCKING_LEVER_ASSEMBLY;INSTALL_ROTOR_ASSEMBLY;NULL;RETRIEVE_ADAPTER_PLATE;RETRIEVE_ANTI_VIBRATION_HANDLE;RETRIEVE_BEARING_PLATE_ASSEMBLY;RETRIEVE_GEARBOX_HOUSING;RETRIEVE_LOCKING_LEVER_ASSEMBLY;RETRIEVE_ROTOR_ASSEMBLY;SCREW_ON_ANTI_VIBRATION_HANDLE;STORE_TOOL,35,173.8,30.0,1280x720,PASS,AVAILABLE,NOT_IN_S2,EXCLUDE,outside selected procedure or official S2 subset
AL07EJ17_Reassembly_A_003_front,AL07EJ17_Reassembly_A_003,AL07EJ17,Reassembly_A,front,ATTACH_ADAPTER_PLATE;FINISH_ANGLE_GRINDER_ASSEMBLY;INSERT_BEARING_PLATE_ASSEMBLY;INSTALL_LOCKING_LEVER_ASSEMBLY;INSTALL_ROTOR_ASSEMBLY;NULL;RETRIEVE_ADAPTER_PLATE;RETRIEVE_ANTI_VIBRATION_HANDLE;RETRIEVE_BEARING_PLATE_ASSEMBLY;RETRIEVE_GEARBOX_HOUSING;RETRIEVE_LOCKING_LEVER_ASSEMBLY;RETRIEVE_ROTOR_ASSEMBLY;SCREW_ON_ANTI_VIBRATION_HANDLE;STORE_TOOL,26,170.867,30.0,1280x720,PASS,MISSING_LOCAL_VIDEO,NOT_IN_S2,EXCLUDE,outside selected procedure or official S2 subset
AL07EJ17_Reassembly_A_004_front,AL07EJ17_Reassembly_A_004,AL07EJ17,Reassembly_A,front,ATTACH_ADAPTER_PLATE;FINISH_ANGLE_GRINDER_ASSEMBLY;INSERT_BEARING_PLATE_ASSEMBLY;INSTALL_LOCKING_LEVER_ASSEMBLY;INSTALL_ROTOR_ASSEMBLY;NULL;RETRIEVE_ADAPTER_PLATE;RETRIEVE_ANTI_VIBRATION_HANDLE;RETRIEVE_BEARING_PLATE_ASSEMBLY;RETRIEVE_GEARBOX_HOUSING;RETRIEVE_LOCKING_LEVER_ASSEMBLY;RETRIEVE_ROTOR_ASSEMBLY;SCREW_ON_ANTI_VIBRATION_HANDLE;STORE_TOOL,24,187.433,30.0,1280x720,PASS,MISSING_LOCAL_VIDEO,NOT_IN_S2,EXCLUDE,outside selected procedure or official S2 subset
AL07EJ17_Reassembly_B_005_front,AL07EJ17_Reassembly_B_005,AL07EJ17,Reassembly_B,front,ATTACH_ADAPTER_PLATE;FINISH_ANGLE_GRINDER_ASSEMBLY;INSERT_BEARING_PLATE_ASSEMBLY;INSTALL_ROTOR_ASSEMBLY;NULL;RETRIEVE_ADAPTER_PLATE;RETRIEVE_ANTI_VIBRATION_HANDLE;RETRIEVE_BEARING_PLATE_ASSEMBLY;RETRIEVE_GEARBOX_HOUSING;RETRIEVE_ROTOR_ASSEMBLY;SCREW_ON_ANTI_VIBRATION_HANDLE;STORE_TOOL,22,174.767,30.0,1280x720,PASS,MISSING_LOCAL_VIDEO,NOT_IN_S2,EXCLUDE,outside selected procedure or official S2 subset
ER07AD15_Disassembly_A_001_front,ER07AD15_Disassembly_A_001,ER07AD15,Disassembly_A,front,DETACH_ADAPTER_PLATE;EXTRACT_BEARING_PLATE_ASSEMBLY;NULL;REMOVE_LOCKING_LEVER_ASSEMBLY;REMOVE_ROTOR_ASSEMBLY;START_ANGLE_GRINDER_ASSEMBLY;STORE_ADAPTER_PLATE;STORE_ANTI_VIBRATION_HANDLE;STORE_BEARING_PLATE_ASSEMBLY;STORE_GEARBOX_HOUSING;STORE_LOCKING_LEVER_ASSEMBLY;STORE_ROTOR_ASSEMBLY;STORE_TOOL;UNSCREW_ANTI_VIBRATION_HANDLE,40,115.933,30.0,1280x720,PASS,AVAILABLE,train,KEEP,target procedure and official S2 split
ER07AD15_Disassembly_A_002_front,ER07AD15_Disassembly_A_002,ER07AD15,Disassembly_A,front,DETACH_ADAPTER_PLATE;EXTRACT_BEARING_PLATE_ASSEMBLY;NULL;REMOVE_LOCKING_LEVER_ASSEMBLY;REMOVE_ROTOR_ASSEMBLY;START_ANGLE_GRINDER_ASSEMBLY;STORE_ADAPTER_PLATE;STORE_ANTI_VIBRATION_HANDLE;STORE_BEARING_PLATE_ASSEMBLY;STORE_GEARBOX_HOUSING;STORE_LOCKING_LEVER_ASSEMBLY;STORE_ROTOR_ASSEMBLY;UNSCREW_ANTI_VIBRATION_HANDLE,39,119.967,30.0,1280x720,PASS,MISSING_LOCAL_VIDEO,train,KEEP,target procedure and official S2 split
ER07AD15_Disassembly_A_003_front,ER07AD15_Disassembly_A_003,ER07AD15,Disassembly_A,front,DETACH_ADAPTER_PLATE;EXTRACT_BEARING_PLATE_ASSEMBLY;NULL;REMOVE_LOCKING_LEVER_ASSEMBLY;REMOVE_ROTOR_ASSEMBLY;START_ANGLE_GRINDER_ASSEMBLY;STORE_ADAPTER_PLATE;STORE_ANTI_VIBRATION_HANDLE;STORE_BEARING_PLATE_ASSEMBLY;STORE_GEARBOX_HOUSING;STORE_LOCKING_LEVER_ASSEMBLY;STORE_ROTOR_ASSEMBLY;STORE_TOOL;UNSCREW_ANTI_VIBRATION_HANDLE,35,105.3,30.0,1280x720,PASS,MISSING_LOCAL_VIDEO,train,KEEP,target procedure and official S2 split
ER07AD15_Disassembly_A_004_front,ER07AD15_Disassembly_A_004,ER07AD15,Disassembly_A,front,DETACH_ADAPTER_PLATE;EXTRACT_BEARING_PLATE_ASSEMBLY;NULL;REMOVE_LOCKING_LEVER_ASSEMBLY;REMOVE_ROTOR_ASSEMBLY;START_ANGLE_GRINDER_ASSEMBLY;STORE_ADAPTER_PLATE;STORE_ANTI_VIBRATION_HANDLE;STORE_BEARING_PLATE_ASSEMBLY;STORE_GEARBOX_HOUSING;STORE_LOCKING_LEVER_ASSEMBLY;STORE_ROTOR_ASSEMBLY;STORE_TOOL;UNSCREW_ANTI_VIBRATION_HANDLE,36,109.7,30.0,1280x720,PASS,MISSING_LOCAL_VIDEO,train,KEEP,target procedure and official S2 split
ER07AD15_Reassembly_A_001_front,ER07AD15_Reassembly_A_001,ER07AD15,Reassembly_A,front,ATTACH_ADAPTER_PLATE;FINISH_ANGLE_GRINDER_ASSEMBLY;INSERT_BEARING_PLATE_ASSEMBLY;INSTALL_LOCKING_LEVER_ASSEMBLY;INSTALL_ROTOR_ASSEMBLY;NULL;REMOVE_LOCKING_LEVER_ASSEMBLY;RETRIEVE_ADAPTER_PLATE;RETRIEVE_ANTI_VIBRATION_HANDLE;RETRIEVE_BEARING_PLATE_ASSEMBLY;RETRIEVE_GEARBOX_HOUSING;RETRIEVE_LOCKING_LEVER_ASSEMBLY;RETRIEVE_ROTOR_ASSEMBLY;SCREW_ON_ANTI_VIBRATION_HANDLE;STORE_TOOL,40,168.2,30.0,1280x720,PASS,MISSING_LOCAL_VIDEO,NOT_IN_S2,EXCLUDE,outside selected procedure or official S2 subset
ER07AD15_Reassembly_A_002_front,ER07AD15_Reassembly_A_002,ER07AD15,Reassembly_A,front,ATTACH_ADAPTER_PLATE;FINISH_ANGLE_GRINDER_ASSEMBLY;INSERT_BEARING_PLATE_ASSEMBLY;INSTALL_LOCKING_LEVER_ASSEMBLY;INSTALL_ROTOR_ASSEMBLY;NULL;RETRIEVE_ADAPTER_PLATE;RETRIEVE_ANTI_VIBRATION_HANDLE;RETRIEVE_BEARING_PLATE_ASSEMBLY;RETRIEVE_GEARBOX_HOUSING;RETRIEVE_LOCKING_LEVER_ASSEMBLY;RETRIEVE_ROTOR_ASSEMBLY;SCREW_ON_ANTI_VIBRATION_HANDLE;STORE_TOOL,39,165.8,30.0,1280x720,PASS,MISSING_LOCAL_VIDEO,NOT_IN_S2,EXCLUDE,outside selected procedure or official S2 subset
ER07AD15_Reassembly_A_003_front,ER07AD15_Reassembly_A_003,ER07AD15,Reassembly_A,front,ATTACH_ADAPTER_PLATE;FINISH_ANGLE_GRINDER_ASSEMBLY;INSERT_BEARING_PLATE_ASSEMBLY;INSTALL_LOCKING_LEVER_ASSEMBLY;INSTALL_ROTOR_ASSEMBLY;NULL;RETRIEVE_ADAPTER_PLATE;RETRIEVE_ANTI_VIBRATION_HANDLE;RETRIEVE_BEARING_PLATE_ASSEMBLY;RETRIEVE_GEARBOX_HOUSING;RETRIEVE_LOCKING_LEVER_ASSEMBLY;RETRIEVE_ROTOR_ASSEMBLY;SCREW_ON_ANTI_VIBRATION_HANDLE;STORE_TOOL,42,166.133,30.0,1280x720,PASS,MISSING_LOCAL_VIDEO,NOT_IN_S2,EXCLUDE,outside selected procedure or official S2 subset
ER07AD15_Reassembly_A_004_front,ER07AD15_Reassembly_A_004,ER07AD15,Reassembly_A,front,ATTACH_ADAPTER_PLATE;FINISH_ANGLE_GRINDER_ASSEMBLY;INSERT_BEARING_PLATE_ASSEMBLY;INSTALL_LOCKING_LEVER_ASSEMBLY;INSTALL_ROTOR_ASSEMBLY;NULL;RETRIEVE_ADAPTER_PLATE;RETRIEVE_ANTI_VIBRATION_HANDLE;RETRIEVE_BEARING_PLATE_ASSEMBLY;RETRIEVE_GEARBOX_HOUSING;RETRIEVE_LOCKING_LEVER_ASSEMBLY;RETRIEVE_ROTOR_ASSEMBLY;SCREW_ON_ANTI_VIBRATION_HANDLE;STORE_TOOL,39,132.233,30.0,1280x720,PASS,MISSING_LOCAL_VIDEO,NOT_IN_S2,EXCLUDE,outside selected procedure or official S2 subset
ER10WE06_Disassembly_A_001_front,ER10WE06_Disassembly_A_001,ER10WE06,Disassembly_A,front,DETACH_ADAPTER_PLATE;EXTRACT_BEARING_PLATE_ASSEMBLY;INSTALL_ROTOR_ASSEMBLY;NULL;REMOVE_LOCKING_LEVER_ASSEMBLY;REMOVE_ROTOR_ASSEMBLY;START_ANGLE_GRINDER_ASSEMBLY;STORE_ADAPTER_PLATE;STORE_ANTI_VIBRATION_HANDLE;STORE_BEARING_PLATE_ASSEMBLY;STORE_GEARBOX_HOUSING;STORE_LOCKING_LEVER_ASSEMBLY;STORE_ROTOR_ASSEMBLY;STORE_TOOL;UNSCREW_ANTI_VIBRATION_HANDLE,49,419.367,30.0,1280x720,PASS,MISSING_LOCAL_VIDEO,train,KEEP,target procedure and official S2 split
ER10WE06_Disassembly_A_002_front,ER10WE06_Disassembly_A_002,ER10WE06,Disassembly_A,front,DETACH_ADAPTER_PLATE;EXTRACT_BEARING_PLATE_ASSEMBLY;NULL;REMOVE_LOCKING_LEVER_ASSEMBLY;REMOVE_ROTOR_ASSEMBLY;START_ANGLE_GRINDER_ASSEMBLY;STORE_ADAPTER_PLATE;STORE_ANTI_VIBRATION_HANDLE;STORE_BEARING_PLATE_ASSEMBLY;STORE_GEARBOX_HOUSING;STORE_LOCKING_LEVER_ASSEMBLY;STORE_ROTOR_ASSEMBLY;STORE_TOOL;UNSCREW_ANTI_VIBRATION_HANDLE,35,144.067,30.0,1280x720,PASS,MISSING_LOCAL_VIDEO,train,KEEP,target procedure and official S2 split
ER10WE06_Disassembly_A_003_front,ER10WE06_Disassembly_A_003,ER10WE06,Disassembly_A,front,DETACH_ADAPTER_PLATE;EXTRACT_BEARING_PLATE_ASSEMBLY;NULL;REMOVE_LOCKING_LEVER_ASSEMBLY;REMOVE_ROTOR_ASSEMBLY;START_ANGLE_GRINDER_ASSEMBLY;STORE_ADAPTER_PLATE;STORE_ANTI_VIBRATION_HANDLE;STORE_BEARING_PLATE_ASSEMBLY;STORE_GEARBOX_HOUSING;STORE_LOCKING_LEVER_ASSEMBLY;STORE_ROTOR_ASSEMBLY;STORE_TOOL;UNSCREW_ANTI_VIBRATION_HANDLE,27,148.733,30.0,1280x720,PASS,MISSING_LOCAL_VIDEO,val,KEEP,target procedure and official S2 split
ER10WE06_Disassembly_A_004_front,ER10WE06_Disassembly_A_004,ER10WE06,Disassembly_A,front,DETACH_ADAPTER_PLATE;EXTRACT_BEARING_PLATE_ASSEMBLY;NULL;REMOVE_LOCKING_LEVER_ASSEMBLY;REMOVE_ROTOR_ASSEMBLY;START_ANGLE_GRINDER_ASSEMBLY;STORE_ADAPTER_PLATE;STORE_ANTI_VIBRATION_HANDLE;STORE_BEARING_PLATE_ASSEMBLY;STORE_GEARBOX_HOUSING;STORE_LOCKING_LEVER_ASSEMBLY;STORE_ROTOR_ASSEMBLY;STORE_TOOL;UNSCREW_ANTI_VIBRATION_HANDLE,27,124.067,30.0,1280x720,PASS,MISSING_LOCAL_VIDEO,val,KEEP,target procedure and official S2 split
ER10WE06_Disassembly_B_005_front,ER10WE06_Disassembly_B_005,ER10WE06,Disassembly_B,front,EXTRACT_BEARING_PLATE_ASSEMBLY;NULL;REMOVE_ROTOR_ASSEMBLY;RETRIEVE_ROTOR_ASSEMBLY;START_ANGLE_GRINDER_ASSEMBLY;STORE_ADAPTER_PLATE;STORE_ANTI_VIBRATION_HANDLE;STORE_BEARING_PLATE_ASSEMBLY;STORE_GEARBOX_HOUSING;STORE_ROTOR_ASSEMBLY;STORE_TOOL;UNSCREW_ANTI_VIBRATION_HANDLE,28,139.5,30.0,1280x720,PASS,MISSING_LOCAL_VIDEO,NOT_IN_S2,EXCLUDE,outside selected procedure or official S2 subset
ER10WE06_Reassembly_A_001_front,ER10WE06_Reassembly_A_001,ER10WE06,Reassembly_A,front,ATTACH_ADAPTER_PLATE;DETACH_ADAPTER_PLATE;FINISH_ANGLE_GRINDER_ASSEMBLY;INSERT_BEARING_PLATE_ASSEMBLY;INSTALL_LOCKING_LEVER_ASSEMBLY;INSTALL_ROTOR_ASSEMBLY;NULL;RETRIEVE_ADAPTER_PLATE;RETRIEVE_ANTI_VIBRATION_HANDLE;RETRIEVE_BEARING_PLATE_ASSEMBLY;RETRIEVE_GEARBOX_HOUSING;RETRIEVE_LOCKING_LEVER_ASSEMBLY;RETRIEVE_ROTOR_ASSEMBLY;SCREW_ON_ANTI_VIBRATION_HANDLE;STORE_TOOL,46,236.667,30.0,1280x720,PASS,MISSING_LOCAL_VIDEO,NOT_IN_S2,EXCLUDE,outside selected procedure or official S2 subset
ER10WE06_Reassembly_A_002_front,ER10WE06_Reassembly_A_002,ER10WE06,Reassembly_A,front,ATTACH_ADAPTER_PLATE;DETACH_ADAPTER_PLATE;FINISH_ANGLE_GRINDER_ASSEMBLY;INSERT_BEARING_PLATE_ASSEMBLY;INSTALL_LOCKING_LEVER_ASSEMBLY;INSTALL_ROTOR_ASSEMBLY;NULL;RETRIEVE_ADAPTER_PLATE;RETRIEVE_ANTI_VIBRATION_HANDLE;RETRIEVE_BEARING_PLATE_ASSEMBLY;RETRIEVE_GEARBOX_HOUSING;RETRIEVE_LOCKING_LEVER_ASSEMBLY;RETRIEVE_ROTOR_ASSEMBLY;SCREW_ON_ANTI_VIBRATION_HANDLE;STORE_TOOL,31,171.1,30.0,1280x720,PASS,MISSING_LOCAL_VIDEO,NOT_IN_S2,EXCLUDE,outside selected procedure or official S2 subset
ER10WE06_Reassembly_A_003_front,ER10WE06_Reassembly_A_003,ER10WE06,Reassembly_A,front,ATTACH_ADAPTER_PLATE;INSERT_BEARING_PLATE_ASSEMBLY;INSTALL_LOCKING_LEVER_ASSEMBLY;INSTALL_ROTOR_ASSEMBLY;NULL;RETRIEVE_ADAPTER_PLATE;RETRIEVE_ANTI_VIBRATION_HANDLE;RETRIEVE_BEARING_PLATE_ASSEMBLY;RETRIEVE_GEARBOX_HOUSING;RETRIEVE_LOCKING_LEVER_ASSEMBLY;RETRIEVE_ROTOR_ASSEMBLY;SCREW_ON_ANTI_VIBRATION_HANDLE;STORE_TOOL,25,172.067,30.0,1280x720,PASS,MISSING_LOCAL_VIDEO,NOT_IN_S2,EXCLUDE,outside selected procedure or official S2 subset
ER10WE06_Reassembly_A_004_front,ER10WE06_Reassembly_A_004,ER10WE06,Reassembly_A,front,ATTACH_ADAPTER_PLATE;FINISH_ANGLE_GRINDER_ASSEMBLY;INSERT_BEARING_PLATE_ASSEMBLY;INSTALL_LOCKING_LEVER_ASSEMBLY;INSTALL_ROTOR_ASSEMBLY;NULL;RETRIEVE_ADAPTER_PLATE;RETRIEVE_ANTI_VIBRATION_HANDLE;RETRIEVE_BEARING_PLATE_ASSEMBLY;RETRIEVE_ROTOR_ASSEMBLY;SCREW_ON_ANTI_VIBRATION_HANDLE;STORE_TOOL,23,175.8,30.0,1280x720,PASS,MISSING_LOCAL_VIDEO,NOT_IN_S2,EXCLUDE,outside selected procedure or official S2 subset
ER10WE06_Reassembly_B_005_front,ER10WE06_Reassembly_B_005,ER10WE06,Reassembly_B,front,ATTACH_ADAPTER_PLATE;DETACH_ADAPTER_PLATE;FINISH_ANGLE_GRINDER_ASSEMBLY;INSERT_BEARING_PLATE_ASSEMBLY;INSTALL_ROTOR_ASSEMBLY;NULL;RETRIEVE_ADAPTER_PLATE;RETRIEVE_ANTI_VIBRATION_HANDLE;RETRIEVE_BEARING_PLATE_ASSEMBLY;RETRIEVE_ROTOR_ASSEMBLY;SCREW_ON_ANTI_VIBRATION_HANDLE;STORE_TOOL,27,164.533,30.0,1280x720,PASS,MISSING_LOCAL_VIDEO,NOT_IN_S2,EXCLUDE,outside selected procedure or official S2 subset
KE03ER16_Disassembly_A_001_front,KE03ER16_Disassembly_A_001,KE03ER16,Disassembly_A,front,DETACH_ADAPTER_PLATE;EXTRACT_BEARING_PLATE_ASSEMBLY;NULL;REMOVE_LOCKING_LEVER_ASSEMBLY;REMOVE_ROTOR_ASSEMBLY;START_ANGLE_GRINDER_ASSEMBLY;STORE_ADAPTER_PLATE;STORE_ANTI_VIBRATION_HANDLE;STORE_BEARING_PLATE_ASSEMBLY;STORE_GEARBOX_HOUSING;STORE_LOCKING_LEVER_ASSEMBLY;STORE_ROTOR_ASSEMBLY;STORE_TOOL;UNSCREW_ANTI_VIBRATION_HANDLE,37,140.933,30.0,1280x720,PASS,MISSING_LOCAL_VIDEO,train,KEEP,target procedure and official S2 split
KE03ER16_Disassembly_A_002_front,KE03ER16_Disassembly_A_002,KE03ER16,Disassembly_A,front,DETACH_ADAPTER_PLATE;EXTRACT_BEARING_PLATE_ASSEMBLY;NULL;REMOVE_LOCKING_LEVER_ASSEMBLY;REMOVE_ROTOR_ASSEMBLY;START_ANGLE_GRINDER_ASSEMBLY;STORE_ADAPTER_PLATE;STORE_ANTI_VIBRATION_HANDLE;STORE_BEARING_PLATE_ASSEMBLY;STORE_GEARBOX_HOUSING;STORE_LOCKING_LEVER_ASSEMBLY;STORE_ROTOR_ASSEMBLY;STORE_TOOL;UNSCREW_ANTI_VIBRATION_HANDLE,26,116.867,30.0,1280x720,PASS,MISSING_LOCAL_VIDEO,train,KEEP,target procedure and official S2 split
KE03ER16_Disassembly_A_003_front,KE03ER16_Disassembly_A_003,KE03ER16,Disassembly_A,front,DETACH_ADAPTER_PLATE;EXTRACT_BEARING_PLATE_ASSEMBLY;NULL;REMOVE_LOCKING_LEVER_ASSEMBLY;REMOVE_ROTOR_ASSEMBLY;START_ANGLE_GRINDER_ASSEMBLY;STORE_ADAPTER_PLATE;STORE_ANTI_VIBRATION_HANDLE;STORE_BEARING_PLATE_ASSEMBLY;STORE_GEARBOX_HOUSING;STORE_LOCKING_LEVER_ASSEMBLY;STORE_ROTOR_ASSEMBLY;STORE_TOOL;UNSCREW_ANTI_VIBRATION_HANDLE,28,139.0,30.0,1280x720,PASS,MISSING_LOCAL_VIDEO,train,KEEP,target procedure and official S2 split
KE03ER16_Disassembly_A_004_front,KE03ER16_Disassembly_A_004,KE03ER16,Disassembly_A,front,DETACH_ADAPTER_PLATE;EXTRACT_BEARING_PLATE_ASSEMBLY;NULL;REMOVE_LOCKING_LEVER_ASSEMBLY;REMOVE_ROTOR_ASSEMBLY;START_ANGLE_GRINDER_ASSEMBLY;STORE_ADAPTER_PLATE;STORE_ANTI_VIBRATION_HANDLE;STORE_BEARING_PLATE_ASSEMBLY;STORE_GEARBOX_HOUSING;STORE_LOCKING_LEVER_ASSEMBLY;STORE_ROTOR_ASSEMBLY;STORE_TOOL;UNSCREW_ANTI_VIBRATION_HANDLE,32,130.7,30.0,1280x720,PASS,MISSING_LOCAL_VIDEO,train,KEEP,target procedure and official S2 split
KE03ER16_Reassembly_A_001_front,KE03ER16_Reassembly_A_001,KE03ER16,Reassembly_A,front,ATTACH_ADAPTER_PLATE;FINISH_ANGLE_GRINDER_ASSEMBLY;INSERT_BEARING_PLATE_ASSEMBLY;INSTALL_LOCKING_LEVER_ASSEMBLY;INSTALL_ROTOR_ASSEMBLY;NULL;REMOVE_ROTOR_ASSEMBLY;RETRIEVE_ADAPTER_PLATE;RETRIEVE_ANTI_VIBRATION_HANDLE;RETRIEVE_BEARING_PLATE_ASSEMBLY;RETRIEVE_GEARBOX_HOUSING;RETRIEVE_LOCKING_LEVER_ASSEMBLY;RETRIEVE_ROTOR_ASSEMBLY;SCREW_ON_ANTI_VIBRATION_HANDLE;STORE_TOOL,34,173.867,30.0,1280x720,PASS,MISSING_LOCAL_VIDEO,NOT_IN_S2,EXCLUDE,outside selected procedure or official S2 subset
KE03ER16_Reassembly_A_002_front,KE03ER16_Reassembly_A_002,KE03ER16,Reassembly_A,front,ATTACH_ADAPTER_PLATE;FINISH_ANGLE_GRINDER_ASSEMBLY;INSERT_BEARING_PLATE_ASSEMBLY;INSTALL_LOCKING_LEVER_ASSEMBLY;INSTALL_ROTOR_ASSEMBLY;NULL;REMOVE_ROTOR_ASSEMBLY;RETRIEVE_ADAPTER_PLATE;RETRIEVE_ANTI_VIBRATION_HANDLE;RETRIEVE_BEARING_PLATE_ASSEMBLY;RETRIEVE_GEARBOX_HOUSING;RETRIEVE_LOCKING_LEVER_ASSEMBLY;RETRIEVE_ROTOR_ASSEMBLY;SCREW_ON_ANTI_VIBRATION_HANDLE;STORE_TOOL,39,192.633,30.0,1280x720,PASS,MISSING_LOCAL_VIDEO,NOT_IN_S2,EXCLUDE,outside selected procedure or official S2 subset
KE03ER16_Reassembly_A_003_front,KE03ER16_Reassembly_A_003,KE03ER16,Reassembly_A,front,ATTACH_ADAPTER_PLATE;INSERT_BEARING_PLATE_ASSEMBLY;INSTALL_LOCKING_LEVER_ASSEMBLY;INSTALL_ROTOR_ASSEMBLY;NULL;RETRIEVE_ADAPTER_PLATE;RETRIEVE_ANTI_VIBRATION_HANDLE;RETRIEVE_BEARING_PLATE_ASSEMBLY;RETRIEVE_GEARBOX_HOUSING;RETRIEVE_LOCKING_LEVER_ASSEMBLY;RETRIEVE_ROTOR_ASSEMBLY;SCREW_ON_ANTI_VIBRATION_HANDLE;STORE_TOOL,32,165.5,30.0,1280x720,PASS,MISSING_LOCAL_VIDEO,NOT_IN_S2,EXCLUDE,outside selected procedure or official S2 subset
KE03ER16_Reassembly_A_004_front,KE03ER16_Reassembly_A_004,KE03ER16,Reassembly_A,front,ATTACH_ADAPTER_PLATE;FINISH_ANGLE_GRINDER_ASSEMBLY;INSERT_BEARING_PLATE_ASSEMBLY;INSTALL_LOCKING_LEVER_ASSEMBLY;INSTALL_ROTOR_ASSEMBLY;NULL;RETRIEVE_ADAPTER_PLATE;RETRIEVE_ANTI_VIBRATION_HANDLE;RETRIEVE_BEARING_PLATE_ASSEMBLY;RETRIEVE_GEARBOX_HOUSING;RETRIEVE_LOCKING_LEVER_ASSEMBLY;RETRIEVE_ROTOR_ASSEMBLY;SCREW_ON_ANTI_VIBRATION_HANDLE;STORE_TOOL,37,168.033,30.0,1280x720,PASS,MISSING_LOCAL_VIDEO,NOT_IN_S2,EXCLUDE,outside selected procedure or official S2 subset
KI03AR28_Disassembly_A_001_front,KI03AR28_Disassembly_A_001,KI03AR28,Disassembly_A,front,DETACH_ADAPTER_PLATE;EXTRACT_BEARING_PLATE_ASSEMBLY;NULL;REMOVE_LOCKING_LEVER_ASSEMBLY;REMOVE_ROTOR_ASSEMBLY;START_ANGLE_GRINDER_ASSEMBLY;STORE_ADAPTER_PLATE;STORE_ANTI_VIBRATION_HANDLE;STORE_BEARING_PLATE_ASSEMBLY;STORE_GEARBOX_HOUSING;STORE_LOCKING_LEVER_ASSEMBLY;STORE_ROTOR_ASSEMBLY;STORE_TOOL;UNSCREW_ANTI_VIBRATION_HANDLE,30,176.067,30.0,1280x720,PASS,MISSING_LOCAL_VIDEO,train,KEEP,target procedure and official S2 split
KI03AR28_Disassembly_A_002_front,KI03AR28_Disassembly_A_002,KI03AR28,Disassembly_A,front,DETACH_ADAPTER_PLATE;EXTRACT_BEARING_PLATE_ASSEMBLY;NULL;REMOVE_LOCKING_LEVER_ASSEMBLY;REMOVE_ROTOR_ASSEMBLY;START_ANGLE_GRINDER_ASSEMBLY;STORE_ADAPTER_PLATE;STORE_ANTI_VIBRATION_HANDLE;STORE_BEARING_PLATE_ASSEMBLY;STORE_GEARBOX_HOUSING;STORE_LOCKING_LEVER_ASSEMBLY;STORE_ROTOR_ASSEMBLY;STORE_TOOL;UNSCREW_ANTI_VIBRATION_HANDLE,35,174.2,30.0,1280x720,PASS,MISSING_LOCAL_VIDEO,train,KEEP,target procedure and official S2 split
KI03AR28_Disassembly_A_003_front,KI03AR28_Disassembly_A_003,KI03AR28,Disassembly_A,front,DETACH_ADAPTER_PLATE;EXTRACT_BEARING_PLATE_ASSEMBLY;NULL;REMOVE_LOCKING_LEVER_ASSEMBLY;REMOVE_ROTOR_ASSEMBLY;START_ANGLE_GRINDER_ASSEMBLY;STORE_ADAPTER_PLATE;STORE_ANTI_VIBRATION_HANDLE;STORE_BEARING_PLATE_ASSEMBLY;STORE_GEARBOX_HOUSING;STORE_LOCKING_LEVER_ASSEMBLY;STORE_ROTOR_ASSEMBLY;STORE_TOOL;UNSCREW_ANTI_VIBRATION_HANDLE,35,144.133,30.0,1280x720,PASS,MISSING_LOCAL_VIDEO,train,KEEP,target procedure and official S2 split
KI03AR28_Disassembly_A_004_front,KI03AR28_Disassembly_A_004,KI03AR28,Disassembly_A,front,DETACH_ADAPTER_PLATE;EXTRACT_BEARING_PLATE_ASSEMBLY;NULL;REMOVE_LOCKING_LEVER_ASSEMBLY;REMOVE_ROTOR_ASSEMBLY;START_ANGLE_GRINDER_ASSEMBLY;STORE_ADAPTER_PLATE;STORE_ANTI_VIBRATION_HANDLE;STORE_BEARING_PLATE_ASSEMBLY;STORE_GEARBOX_HOUSING;STORE_LOCKING_LEVER_ASSEMBLY;STORE_ROTOR_ASSEMBLY;STORE_TOOL;UNSCREW_ANTI_VIBRATION_HANDLE,30,177.367,30.0,1280x720,PASS,MISSING_LOCAL_VIDEO,train,KEEP,target procedure and official S2 split
KI03AR28_Disassembly_B_005_front,KI03AR28_Disassembly_B_005,KI03AR28,Disassembly_B,front,DETACH_ADAPTER_PLATE;EXTRACT_BEARING_PLATE_ASSEMBLY;NULL;REMOVE_LOCKING_LEVER_ASSEMBLY;REMOVE_ROTOR_ASSEMBLY;START_ANGLE_GRINDER_ASSEMBLY;STORE_ADAPTER_PLATE;STORE_ANTI_VIBRATION_HANDLE;STORE_BEARING_PLATE_ASSEMBLY;STORE_TOOL;UNSCREW_ANTI_VIBRATION_HANDLE,35,233.0,30.0,1280x720,PASS,MISSING_LOCAL_VIDEO,NOT_IN_S2,EXCLUDE,outside selected procedure or official S2 subset
KI03AR28_Reassembly_A_001_front,KI03AR28_Reassembly_A_001,KI03AR28,Reassembly_A,front,ATTACH_ADAPTER_PLATE;FINISH_ANGLE_GRINDER_ASSEMBLY;INSERT_BEARING_PLATE_ASSEMBLY;INSTALL_LOCKING_LEVER_ASSEMBLY;INSTALL_ROTOR_ASSEMBLY;NULL;RETRIEVE_ADAPTER_PLATE;RETRIEVE_ANTI_VIBRATION_HANDLE;RETRIEVE_BEARING_PLATE_ASSEMBLY;RETRIEVE_GEARBOX_HOUSING;RETRIEVE_LOCKING_LEVER_ASSEMBLY;RETRIEVE_ROTOR_ASSEMBLY;SCREW_ON_ANTI_VIBRATION_HANDLE;STORE_TOOL,33,223.767,30.0,1280x720,PASS,MISSING_LOCAL_VIDEO,NOT_IN_S2,EXCLUDE,outside selected procedure or official S2 subset
KI03AR28_Reassembly_A_003_front,KI03AR28_Reassembly_A_003,KI03AR28,Reassembly_A,front,ATTACH_ADAPTER_PLATE;INSERT_BEARING_PLATE_ASSEMBLY;INSTALL_LOCKING_LEVER_ASSEMBLY;INSTALL_ROTOR_ASSEMBLY;NULL;RETRIEVE_ADAPTER_PLATE;RETRIEVE_ANTI_VIBRATION_HANDLE;RETRIEVE_BEARING_PLATE_ASSEMBLY;RETRIEVE_LOCKING_LEVER_ASSEMBLY;RETRIEVE_ROTOR_ASSEMBLY;SCREW_ON_ANTI_VIBRATION_HANDLE;STORE_TOOL,28,222.1,30.0,1280x720,PASS,MISSING_LOCAL_VIDEO,NOT_IN_S2,EXCLUDE,outside selected procedure or official S2 subset
KI03AR28_Reassembly_A_004_front,KI03AR28_Reassembly_A_004,KI03AR28,Reassembly_A,front,ATTACH_ADAPTER_PLATE;FINISH_ANGLE_GRINDER_ASSEMBLY;INSERT_BEARING_PLATE_ASSEMBLY;INSTALL_LOCKING_LEVER_ASSEMBLY;INSTALL_ROTOR_ASSEMBLY;NULL;RETRIEVE_ADAPTER_PLATE;RETRIEVE_ANTI_VIBRATION_HANDLE;RETRIEVE_BEARING_PLATE_ASSEMBLY;RETRIEVE_GEARBOX_HOUSING;RETRIEVE_LOCKING_LEVER_ASSEMBLY;RETRIEVE_ROTOR_ASSEMBLY;SCREW_ON_ANTI_VIBRATION_HANDLE;STORE_TOOL,30,228.633,30.0,1280x720,PASS,MISSING_LOCAL_VIDEO,NOT_IN_S2,EXCLUDE,outside selected procedure or official S2 subset
KI03AR28_Reassembly_B_005_front,KI03AR28_Reassembly_B_005,KI03AR28,Reassembly_B,front,ATTACH_ADAPTER_PLATE;FINISH_ANGLE_GRINDER_ASSEMBLY;INSERT_BEARING_PLATE_ASSEMBLY;INSTALL_ROTOR_ASSEMBLY;NULL;RETRIEVE_ADAPTER_PLATE;RETRIEVE_BEARING_PLATE_ASSEMBLY;RETRIEVE_GEARBOX_HOUSING;RETRIEVE_ROTOR_ASSEMBLY;SCREW_ON_ANTI_VIBRATION_HANDLE;STORE_TOOL,54,658.0,30.0,1280x720,PASS,MISSING_LOCAL_VIDEO,NOT_IN_S2,EXCLUDE,outside selected procedure or official S2 subset
KI05KO01_Disassembly_A_001_front,KI05KO01_Disassembly_A_001,KI05KO01,Disassembly_A,front,DETACH_ADAPTER_PLATE;EXTRACT_BEARING_PLATE_ASSEMBLY;NULL;REMOVE_LOCKING_LEVER_ASSEMBLY;REMOVE_ROTOR_ASSEMBLY;START_ANGLE_GRINDER_ASSEMBLY;STORE_ADAPTER_PLATE;STORE_ANTI_VIBRATION_HANDLE;STORE_BEARING_PLATE_ASSEMBLY;STORE_GEARBOX_HOUSING;STORE_LOCKING_LEVER_ASSEMBLY;STORE_ROTOR_ASSEMBLY;UNSCREW_ANTI_VIBRATION_HANDLE,61,365.433,30.0,1280x720,PASS,MISSING_LOCAL_VIDEO,train,KEEP,target procedure and official S2 split
KI05KO01_Disassembly_A_002_front,KI05KO01_Disassembly_A_002,KI05KO01,Disassembly_A,front,DETACH_ADAPTER_PLATE;EXTRACT_BEARING_PLATE_ASSEMBLY;NULL;REMOVE_LOCKING_LEVER_ASSEMBLY;REMOVE_ROTOR_ASSEMBLY;RETRIEVE_LOCKING_LEVER_ASSEMBLY;START_ANGLE_GRINDER_ASSEMBLY;STORE_ADAPTER_PLATE;STORE_ANTI_VIBRATION_HANDLE;STORE_BEARING_PLATE_ASSEMBLY;STORE_GEARBOX_HOUSING;STORE_LOCKING_LEVER_ASSEMBLY;STORE_ROTOR_ASSEMBLY;STORE_TOOL;UNSCREW_ANTI_VIBRATION_HANDLE,40,215.5,30.0,1280x720,PASS,MISSING_LOCAL_VIDEO,train,KEEP,target procedure and official S2 split
KI05KO01_Disassembly_A_003_front,KI05KO01_Disassembly_A_003,KI05KO01,Disassembly_A,front,DETACH_ADAPTER_PLATE;EXTRACT_BEARING_PLATE_ASSEMBLY;NULL;REMOVE_LOCKING_LEVER_ASSEMBLY;REMOVE_ROTOR_ASSEMBLY;START_ANGLE_GRINDER_ASSEMBLY;STORE_ADAPTER_PLATE;STORE_ANTI_VIBRATION_HANDLE;STORE_BEARING_PLATE_ASSEMBLY;STORE_GEARBOX_HOUSING;STORE_LOCKING_LEVER_ASSEMBLY;STORE_ROTOR_ASSEMBLY;UNSCREW_ANTI_VIBRATION_HANDLE,43,241.267,30.0,1280x720,PASS,MISSING_LOCAL_VIDEO,train,KEEP,target procedure and official S2 split
KI05KO01_Disassembly_A_004_front,KI05KO01_Disassembly_A_004,KI05KO01,Disassembly_A,front,DETACH_ADAPTER_PLATE;EXTRACT_BEARING_PLATE_ASSEMBLY;NULL;REMOVE_LOCKING_LEVER_ASSEMBLY;REMOVE_ROTOR_ASSEMBLY;START_ANGLE_GRINDER_ASSEMBLY;STORE_ADAPTER_PLATE;STORE_ANTI_VIBRATION_HANDLE;STORE_BEARING_PLATE_ASSEMBLY;STORE_LOCKING_LEVER_ASSEMBLY;STORE_ROTOR_ASSEMBLY;UNSCREW_ANTI_VIBRATION_HANDLE,34,164.333,30.0,1280x720,PASS,MISSING_LOCAL_VIDEO,train,KEEP,target procedure and official S2 split
KI05KO01_Disassembly_B_005_front,KI05KO01_Disassembly_B_005,KI05KO01,Disassembly_B,front,DETACH_ADAPTER_PLATE;EXTRACT_BEARING_PLATE_ASSEMBLY;NULL;REMOVE_ROTOR_ASSEMBLY;START_ANGLE_GRINDER_ASSEMBLY;STORE_ADAPTER_PLATE;STORE_ANTI_VIBRATION_HANDLE;STORE_BEARING_PLATE_ASSEMBLY;STORE_GEARBOX_HOUSING;STORE_ROTOR_ASSEMBLY;UNSCREW_ANTI_VIBRATION_HANDLE,33,248.633,30.0,1280x720,PASS,MISSING_LOCAL_VIDEO,NOT_IN_S2,EXCLUDE,outside selected procedure or official S2 subset
KI05KO01_Reassembly_A_001_front,KI05KO01_Reassembly_A_001,KI05KO01,Reassembly_A,front,ATTACH_ADAPTER_PLATE;FINISH_ANGLE_GRINDER_ASSEMBLY;INSERT_BEARING_PLATE_ASSEMBLY;INSTALL_LOCKING_LEVER_ASSEMBLY;INSTALL_ROTOR_ASSEMBLY;NULL;REMOVE_LOCKING_LEVER_ASSEMBLY;RETRIEVE_ADAPTER_PLATE;RETRIEVE_ANTI_VIBRATION_HANDLE;RETRIEVE_BEARING_PLATE_ASSEMBLY;RETRIEVE_GEARBOX_HOUSING;RETRIEVE_LOCKING_LEVER_ASSEMBLY;RETRIEVE_ROTOR_ASSEMBLY;SCREW_ON_ANTI_VIBRATION_HANDLE;STORE_TOOL,54,473.7,30.0,1280x720,PASS,MISSING_LOCAL_VIDEO,NOT_IN_S2,EXCLUDE,outside selected procedure or official S2 subset
KI05KO01_Reassembly_A_003_front,KI05KO01_Reassembly_A_003,KI05KO01,Reassembly_A,front,ATTACH_ADAPTER_PLATE;FINISH_ANGLE_GRINDER_ASSEMBLY;INSERT_BEARING_PLATE_ASSEMBLY;INSTALL_LOCKING_LEVER_ASSEMBLY;INSTALL_ROTOR_ASSEMBLY;NULL;RETRIEVE_ADAPTER_PLATE;RETRIEVE_ANTI_VIBRATION_HANDLE;RETRIEVE_BEARING_PLATE_ASSEMBLY;RETRIEVE_GEARBOX_HOUSING;RETRIEVE_LOCKING_LEVER_ASSEMBLY;RETRIEVE_ROTOR_ASSEMBLY;SCREW_ON_ANTI_VIBRATION_HANDLE;STORE_TOOL,37,345.5,30.0,1280x720,PASS,MISSING_LOCAL_VIDEO,NOT_IN_S2,EXCLUDE,outside selected procedure or official S2 subset
KI05KO01_Reassembly_A_004_front,KI05KO01_Reassembly_A_004,KI05KO01,Reassembly_A,front,ATTACH_ADAPTER_PLATE;FINISH_ANGLE_GRINDER_ASSEMBLY;INSERT_BEARING_PLATE_ASSEMBLY;INSTALL_LOCKING_LEVER_ASSEMBLY;INSTALL_ROTOR_ASSEMBLY;NULL;RETRIEVE_ADAPTER_PLATE;RETRIEVE_ANTI_VIBRATION_HANDLE;RETRIEVE_BEARING_PLATE_ASSEMBLY;RETRIEVE_GEARBOX_HOUSING;RETRIEVE_LOCKING_LEVER_ASSEMBLY;RETRIEVE_ROTOR_ASSEMBLY;SCREW_ON_ANTI_VIBRATION_HANDLE;STORE_TOOL,40,293.733,30.0,1280x720,PASS,MISSING_LOCAL_VIDEO,NOT_IN_S2,EXCLUDE,outside selected procedure or official S2 subset
KI05KO01_Reassembly_B_005_front,KI05KO01_Reassembly_B_005,KI05KO01,Reassembly_B,front,ATTACH_ADAPTER_PLATE;DETACH_ADAPTER_PLATE;FINISH_ANGLE_GRINDER_ASSEMBLY;INSERT_BEARING_PLATE_ASSEMBLY;INSTALL_ROTOR_ASSEMBLY;NULL;REMOVE_ROTOR_ASSEMBLY;RETRIEVE_ADAPTER_PLATE;RETRIEVE_ANTI_VIBRATION_HANDLE;RETRIEVE_BEARING_PLATE_ASSEMBLY;RETRIEVE_GEARBOX_HOUSING;RETRIEVE_ROTOR_ASSEMBLY;SCREW_ON_ANTI_VIBRATION_HANDLE,45,298.433,30.0,1280x720,PASS,MISSING_LOCAL_VIDEO,NOT_IN_S2,EXCLUDE,outside selected procedure or official S2 subset
KJ03JM25_Disassembly_A_003_front,KJ03JM25_Disassembly_A_003,KJ03JM25,Disassembly_A,front,DETACH_ADAPTER_PLATE;EXTRACT_BEARING_PLATE_ASSEMBLY;NULL;REMOVE_LOCKING_LEVER_ASSEMBLY;REMOVE_ROTOR_ASSEMBLY;START_ANGLE_GRINDER_ASSEMBLY;STORE_ADAPTER_PLATE;STORE_ANTI_VIBRATION_HANDLE;STORE_BEARING_PLATE_ASSEMBLY;STORE_GEARBOX_HOUSING;STORE_LOCKING_LEVER_ASSEMBLY;STORE_ROTOR_ASSEMBLY;STORE_TOOL;UNSCREW_ANTI_VIBRATION_HANDLE,39,201.833,30.0,1280x720,PASS,MISSING_LOCAL_VIDEO,train,KEEP,target procedure and official S2 split
KJ03JM25_Disassembly_A_004_front,KJ03JM25_Disassembly_A_004,KJ03JM25,Disassembly_A,front,DETACH_ADAPTER_PLATE;EXTRACT_BEARING_PLATE_ASSEMBLY;NULL;REMOVE_LOCKING_LEVER_ASSEMBLY;REMOVE_ROTOR_ASSEMBLY;START_ANGLE_GRINDER_ASSEMBLY;STORE_ADAPTER_PLATE;STORE_ANTI_VIBRATION_HANDLE;STORE_BEARING_PLATE_ASSEMBLY;STORE_GEARBOX_HOUSING;STORE_LOCKING_LEVER_ASSEMBLY;STORE_ROTOR_ASSEMBLY;STORE_TOOL;UNSCREW_ANTI_VIBRATION_HANDLE,39,198.9,30.0,1280x720,PASS,MISSING_LOCAL_VIDEO,train,KEEP,target procedure and official S2 split
KJ03JM25_Reassembly_A_002_front,KJ03JM25_Reassembly_A_002,KJ03JM25,Reassembly_A,front,ATTACH_ADAPTER_PLATE;INSERT_BEARING_PLATE_ASSEMBLY;INSTALL_LOCKING_LEVER_ASSEMBLY;INSTALL_ROTOR_ASSEMBLY;NULL;RETRIEVE_ADAPTER_PLATE;RETRIEVE_ANTI_VIBRATION_HANDLE;RETRIEVE_BEARING_PLATE_ASSEMBLY;RETRIEVE_GEARBOX_HOUSING;RETRIEVE_LOCKING_LEVER_ASSEMBLY;RETRIEVE_ROTOR_ASSEMBLY;SCREW_ON_ANTI_VIBRATION_HANDLE;STORE_TOOL;UNSCREW_ANTI_VIBRATION_HANDLE,42,332.633,30.0,1280x720,PASS,MISSING_LOCAL_VIDEO,NOT_IN_S2,EXCLUDE,outside selected procedure or official S2 subset
KJ03JM25_Reassembly_A_003_front,KJ03JM25_Reassembly_A_003,KJ03JM25,Reassembly_A,front,ATTACH_ADAPTER_PLATE;FINISH_ANGLE_GRINDER_ASSEMBLY;INSERT_BEARING_PLATE_ASSEMBLY;INSTALL_LOCKING_LEVER_ASSEMBLY;INSTALL_ROTOR_ASSEMBLY;NULL;RETRIEVE_ADAPTER_PLATE;RETRIEVE_ANTI_VIBRATION_HANDLE;RETRIEVE_BEARING_PLATE_ASSEMBLY;RETRIEVE_GEARBOX_HOUSING;RETRIEVE_LOCKING_LEVER_ASSEMBLY;RETRIEVE_ROTOR_ASSEMBLY;SCREW_ON_ANTI_VIBRATION_HANDLE,35,238.833,30.0,1280x720,PASS,MISSING_LOCAL_VIDEO,NOT_IN_S2,EXCLUDE,outside selected procedure or official S2 subset
KJ03JM25_Reassembly_A_004_front,KJ03JM25_Reassembly_A_004,KJ03JM25,Reassembly_A,front,ATTACH_ADAPTER_PLATE;FINISH_ANGLE_GRINDER_ASSEMBLY;INSERT_BEARING_PLATE_ASSEMBLY;INSTALL_LOCKING_LEVER_ASSEMBLY;INSTALL_ROTOR_ASSEMBLY;NULL;REMOVE_LOCKING_LEVER_ASSEMBLY;RETRIEVE_ADAPTER_PLATE;RETRIEVE_ANTI_VIBRATION_HANDLE;RETRIEVE_BEARING_PLATE_ASSEMBLY;RETRIEVE_GEARBOX_HOUSING;RETRIEVE_LOCKING_LEVER_ASSEMBLY;RETRIEVE_ROTOR_ASSEMBLY;SCREW_ON_ANTI_VIBRATION_HANDLE;STORE_TOOL,46,323.367,30.0,1280x720,PASS,MISSING_LOCAL_VIDEO,NOT_IN_S2,EXCLUDE,outside selected procedure or official S2 subset
LE06AS03_Disassembly_A_001_front,LE06AS03_Disassembly_A_001,LE06AS03,Disassembly_A,front,DETACH_ADAPTER_PLATE;EXTRACT_BEARING_PLATE_ASSEMBLY;NULL;REMOVE_LOCKING_LEVER_ASSEMBLY;REMOVE_ROTOR_ASSEMBLY;RETRIEVE_BEARING_PLATE_ASSEMBLY;START_ANGLE_GRINDER_ASSEMBLY;STORE_ADAPTER_PLATE;STORE_ANTI_VIBRATION_HANDLE;STORE_BEARING_PLATE_ASSEMBLY;STORE_GEARBOX_HOUSING;STORE_LOCKING_LEVER_ASSEMBLY;STORE_ROTOR_ASSEMBLY;STORE_TOOL;UNSCREW_ANTI_VIBRATION_HANDLE,78,907.133,30.0,1280x720,PASS,MISSING_LOCAL_VIDEO,val,KEEP,target procedure and official S2 split
LE06AS03_Disassembly_A_002_front,LE06AS03_Disassembly_A_002,LE06AS03,Disassembly_A,front,DETACH_ADAPTER_PLATE;EXTRACT_BEARING_PLATE_ASSEMBLY;NULL;REMOVE_LOCKING_LEVER_ASSEMBLY;REMOVE_ROTOR_ASSEMBLY;START_ANGLE_GRINDER_ASSEMBLY;STORE_ADAPTER_PLATE;STORE_ANTI_VIBRATION_HANDLE;STORE_BEARING_PLATE_ASSEMBLY;STORE_LOCKING_LEVER_ASSEMBLY;STORE_ROTOR_ASSEMBLY;STORE_TOOL;UNSCREW_ANTI_VIBRATION_HANDLE,32,234.667,30.0,1280x720,PASS,MISSING_LOCAL_VIDEO,train,KEEP,target procedure and official S2 split
LE06AS03_Disassembly_A_003_front,LE06AS03_Disassembly_A_003,LE06AS03,Disassembly_A,front,DETACH_ADAPTER_PLATE;EXTRACT_BEARING_PLATE_ASSEMBLY;NULL;REMOVE_LOCKING_LEVER_ASSEMBLY;REMOVE_ROTOR_ASSEMBLY;START_ANGLE_GRINDER_ASSEMBLY;STORE_ADAPTER_PLATE;STORE_ANTI_VIBRATION_HANDLE;STORE_BEARING_PLATE_ASSEMBLY;STORE_GEARBOX_HOUSING;STORE_LOCKING_LEVER_ASSEMBLY;STORE_ROTOR_ASSEMBLY;STORE_TOOL;UNSCREW_ANTI_VIBRATION_HANDLE,26,173.233,30.0,1280x720,PASS,MISSING_LOCAL_VIDEO,train,KEEP,target procedure and official S2 split
LE06AS03_Disassembly_A_004_front,LE06AS03_Disassembly_A_004,LE06AS03,Disassembly_A,front,DETACH_ADAPTER_PLATE;EXTRACT_BEARING_PLATE_ASSEMBLY;NULL;REMOVE_LOCKING_LEVER_ASSEMBLY;REMOVE_ROTOR_ASSEMBLY;START_ANGLE_GRINDER_ASSEMBLY;STORE_ANTI_VIBRATION_HANDLE;STORE_GEARBOX_HOUSING;STORE_LOCKING_LEVER_ASSEMBLY;STORE_ROTOR_ASSEMBLY;STORE_TOOL;UNSCREW_ANTI_VIBRATION_HANDLE,29,169.767,30.0,1280x720,PASS,MISSING_LOCAL_VIDEO,train,KEEP,target procedure and official S2 split
LE06AS03_Disassembly_B_005_front,LE06AS03_Disassembly_B_005,LE06AS03,Disassembly_B,front,EXTRACT_BEARING_PLATE_ASSEMBLY;NULL;REMOVE_LOCKING_LEVER_ASSEMBLY;REMOVE_ROTOR_ASSEMBLY;START_ANGLE_GRINDER_ASSEMBLY;STORE_ADAPTER_PLATE;STORE_ANTI_VIBRATION_HANDLE;STORE_BEARING_PLATE_ASSEMBLY;STORE_GEARBOX_HOUSING;STORE_ROTOR_ASSEMBLY;STORE_TOOL;UNSCREW_ANTI_VIBRATION_HANDLE,36,168.033,30.0,1280x720,PASS,MISSING_LOCAL_VIDEO,NOT_IN_S2,EXCLUDE,outside selected procedure or official S2 subset
LE06AS03_Reassembly_A_001_front,LE06AS03_Reassembly_A_001,LE06AS03,Reassembly_A,front,ATTACH_ADAPTER_PLATE;DETACH_ADAPTER_PLATE;EXTRACT_BEARING_PLATE_ASSEMBLY;INSERT_BEARING_PLATE_ASSEMBLY;INSTALL_LOCKING_LEVER_ASSEMBLY;INSTALL_ROTOR_ASSEMBLY;NULL;REMOVE_LOCKING_LEVER_ASSEMBLY;REMOVE_ROTOR_ASSEMBLY;RETRIEVE_ADAPTER_PLATE;RETRIEVE_BEARING_PLATE_ASSEMBLY;RETRIEVE_GEARBOX_HOUSING;RETRIEVE_LOCKING_LEVER_ASSEMBLY;RETRIEVE_ROTOR_ASSEMBLY;SCREW_ON_ANTI_VIBRATION_HANDLE;STORE_TOOL,118,1025.0,30.0,1280x720,PASS,MISSING_LOCAL_VIDEO,NOT_IN_S2,EXCLUDE,outside selected procedure or official S2 subset
LE06AS03_Reassembly_A_002_front,LE06AS03_Reassembly_A_002,LE06AS03,Reassembly_A,front,ATTACH_ADAPTER_PLATE;DETACH_ADAPTER_PLATE;EXTRACT_BEARING_PLATE_ASSEMBLY;FINISH_ANGLE_GRINDER_ASSEMBLY;INSERT_BEARING_PLATE_ASSEMBLY;INSTALL_LOCKING_LEVER_ASSEMBLY;INSTALL_ROTOR_ASSEMBLY;NULL;RETRIEVE_ADAPTER_PLATE;RETRIEVE_ANTI_VIBRATION_HANDLE;RETRIEVE_BEARING_PLATE_ASSEMBLY;RETRIEVE_GEARBOX_HOUSING;RETRIEVE_LOCKING_LEVER_ASSEMBLY;RETRIEVE_ROTOR_ASSEMBLY;SCREW_ON_ANTI_VIBRATION_HANDLE;STORE_TOOL,60,628.5,30.0,1280x720,PASS,MISSING_LOCAL_VIDEO,NOT_IN_S2,EXCLUDE,outside selected procedure or official S2 subset
LE06AS03_Reassembly_A_003_front,LE06AS03_Reassembly_A_003,LE06AS03,Reassembly_A,front,ATTACH_ADAPTER_PLATE;INSERT_BEARING_PLATE_ASSEMBLY;INSTALL_LOCKING_LEVER_ASSEMBLY;INSTALL_ROTOR_ASSEMBLY;NULL;REMOVE_LOCKING_LEVER_ASSEMBLY;RETRIEVE_ADAPTER_PLATE;RETRIEVE_BEARING_PLATE_ASSEMBLY;RETRIEVE_GEARBOX_HOUSING;RETRIEVE_LOCKING_LEVER_ASSEMBLY;RETRIEVE_ROTOR_ASSEMBLY;STORE_TOOL,48,340.067,30.0,1280x720,PASS,MISSING_LOCAL_VIDEO,NOT_IN_S2,EXCLUDE,outside selected procedure or official S2 subset
LE06AS03_Reassembly_A_004_front,LE06AS03_Reassembly_A_004,LE06AS03,Reassembly_A,front,ATTACH_ADAPTER_PLATE;FINISH_ANGLE_GRINDER_ASSEMBLY;INSERT_BEARING_PLATE_ASSEMBLY;INSTALL_LOCKING_LEVER_ASSEMBLY;INSTALL_ROTOR_ASSEMBLY;NULL;REMOVE_ROTOR_ASSEMBLY;RETRIEVE_ADAPTER_PLATE;RETRIEVE_ANTI_VIBRATION_HANDLE;RETRIEVE_BEARING_PLATE_ASSEMBLY;RETRIEVE_GEARBOX_HOUSING;RETRIEVE_ROTOR_ASSEMBLY;SCREW_ON_ANTI_VIBRATION_HANDLE;STORE_TOOL,44,281.933,30.0,1280x720,PASS,MISSING_LOCAL_VIDEO,NOT_IN_S2,EXCLUDE,outside selected procedure or official S2 subset
LE06AS03_Reassembly_B_005_front,LE06AS03_Reassembly_B_005,LE06AS03,Reassembly_B,front,ATTACH_ADAPTER_PLATE;DETACH_ADAPTER_PLATE;EXTRACT_BEARING_PLATE_ASSEMBLY;INSERT_BEARING_PLATE_ASSEMBLY;INSTALL_ROTOR_ASSEMBLY;NULL;REMOVE_ROTOR_ASSEMBLY;RETRIEVE_ADAPTER_PLATE;RETRIEVE_ANTI_VIBRATION_HANDLE;RETRIEVE_BEARING_PLATE_ASSEMBLY;RETRIEVE_GEARBOX_HOUSING;RETRIEVE_ROTOR_ASSEMBLY;SCREW_ON_ANTI_VIBRATION_HANDLE;STORE_BEARING_PLATE_ASSEMBLY;STORE_TOOL,97,472.5,30.0,1280x720,PASS,MISSING_LOCAL_VIDEO,NOT_IN_S2,EXCLUDE,outside selected procedure or official S2 subset
LE07UF17_Disassembly_A_001_front,LE07UF17_Disassembly_A_001,LE07UF17,Disassembly_A,front,DETACH_ADAPTER_PLATE;EXTRACT_BEARING_PLATE_ASSEMBLY;NULL;REMOVE_LOCKING_LEVER_ASSEMBLY;REMOVE_ROTOR_ASSEMBLY;START_ANGLE_GRINDER_ASSEMBLY;STORE_ADAPTER_PLATE;STORE_ANTI_VIBRATION_HANDLE;STORE_BEARING_PLATE_ASSEMBLY;STORE_GEARBOX_HOUSING;STORE_LOCKING_LEVER_ASSEMBLY;STORE_ROTOR_ASSEMBLY;STORE_TOOL;UNSCREW_ANTI_VIBRATION_HANDLE,42,323.8,30.0,1280x720,PASS,MISSING_LOCAL_VIDEO,train,KEEP,target procedure and official S2 split
LE07UF17_Disassembly_A_002_front,LE07UF17_Disassembly_A_002,LE07UF17,Disassembly_A,front,DETACH_ADAPTER_PLATE;EXTRACT_BEARING_PLATE_ASSEMBLY;NULL;REMOVE_LOCKING_LEVER_ASSEMBLY;REMOVE_ROTOR_ASSEMBLY;START_ANGLE_GRINDER_ASSEMBLY;STORE_ADAPTER_PLATE;STORE_ANTI_VIBRATION_HANDLE;STORE_BEARING_PLATE_ASSEMBLY;STORE_GEARBOX_HOUSING;STORE_LOCKING_LEVER_ASSEMBLY;STORE_ROTOR_ASSEMBLY;STORE_TOOL;UNSCREW_ANTI_VIBRATION_HANDLE,59,369.1,30.0,1280x720,PASS,MISSING_LOCAL_VIDEO,train,KEEP,target procedure and official S2 split
LE07UF17_Disassembly_A_003_front,LE07UF17_Disassembly_A_003,LE07UF17,Disassembly_A,front,DETACH_ADAPTER_PLATE;EXTRACT_BEARING_PLATE_ASSEMBLY;NULL;REMOVE_LOCKING_LEVER_ASSEMBLY;REMOVE_ROTOR_ASSEMBLY;START_ANGLE_GRINDER_ASSEMBLY;STORE_ADAPTER_PLATE;STORE_ANTI_VIBRATION_HANDLE;STORE_BEARING_PLATE_ASSEMBLY;STORE_GEARBOX_HOUSING;STORE_LOCKING_LEVER_ASSEMBLY;STORE_ROTOR_ASSEMBLY;STORE_TOOL;UNSCREW_ANTI_VIBRATION_HANDLE,38,235.233,30.0,1280x720,PASS,MISSING_LOCAL_VIDEO,train,KEEP,target procedure and official S2 split
LE07UF17_Disassembly_A_004_front,LE07UF17_Disassembly_A_004,LE07UF17,Disassembly_A,front,DETACH_ADAPTER_PLATE;EXTRACT_BEARING_PLATE_ASSEMBLY;NULL;REMOVE_LOCKING_LEVER_ASSEMBLY;REMOVE_ROTOR_ASSEMBLY;START_ANGLE_GRINDER_ASSEMBLY;STORE_ADAPTER_PLATE;STORE_ANTI_VIBRATION_HANDLE;STORE_BEARING_PLATE_ASSEMBLY;STORE_LOCKING_LEVER_ASSEMBLY;STORE_ROTOR_ASSEMBLY;STORE_TOOL;UNSCREW_ANTI_VIBRATION_HANDLE,36,214.667,30.0,1280x720,PASS,MISSING_LOCAL_VIDEO,train,KEEP,target procedure and official S2 split
LE07UF17_Disassembly_B_005_front,LE07UF17_Disassembly_B_005,LE07UF17,Disassembly_B,front,DETACH_ADAPTER_PLATE;EXTRACT_BEARING_PLATE_ASSEMBLY;NULL;REMOVE_ROTOR_ASSEMBLY;START_ANGLE_GRINDER_ASSEMBLY;STORE_ADAPTER_PLATE;STORE_ANTI_VIBRATION_HANDLE;STORE_BEARING_PLATE_ASSEMBLY;STORE_GEARBOX_HOUSING;STORE_ROTOR_ASSEMBLY;STORE_TOOL;UNSCREW_ANTI_VIBRATION_HANDLE,30,224.2,30.0,1280x720,PASS,MISSING_LOCAL_VIDEO,NOT_IN_S2,EXCLUDE,outside selected procedure or official S2 subset
LE07UF17_Reassembly_A_001_front,LE07UF17_Reassembly_A_001,LE07UF17,Reassembly_A,front,ATTACH_ADAPTER_PLATE;EXTRACT_BEARING_PLATE_ASSEMBLY;FINISH_ANGLE_GRINDER_ASSEMBLY;INSERT_BEARING_PLATE_ASSEMBLY;INSTALL_LOCKING_LEVER_ASSEMBLY;INSTALL_ROTOR_ASSEMBLY;NULL;REMOVE_LOCKING_LEVER_ASSEMBLY;RETRIEVE_ADAPTER_PLATE;RETRIEVE_BEARING_PLATE_ASSEMBLY;RETRIEVE_GEARBOX_HOUSING;RETRIEVE_LOCKING_LEVER_ASSEMBLY;RETRIEVE_ROTOR_ASSEMBLY;SCREW_ON_ANTI_VIBRATION_HANDLE;STORE_TOOL,69,943.667,30.0,1280x720,PASS,MISSING_LOCAL_VIDEO,NOT_IN_S2,EXCLUDE,outside selected procedure or official S2 subset
LE07UF17_Reassembly_A_002_front,LE07UF17_Reassembly_A_002,LE07UF17,Reassembly_A,front,ATTACH_ADAPTER_PLATE;FINISH_ANGLE_GRINDER_ASSEMBLY;INSERT_BEARING_PLATE_ASSEMBLY;INSTALL_LOCKING_LEVER_ASSEMBLY;INSTALL_ROTOR_ASSEMBLY;NULL;RETRIEVE_ADAPTER_PLATE;RETRIEVE_ANTI_VIBRATION_HANDLE;RETRIEVE_BEARING_PLATE_ASSEMBLY;RETRIEVE_GEARBOX_HOUSING;RETRIEVE_LOCKING_LEVER_ASSEMBLY;RETRIEVE_ROTOR_ASSEMBLY;SCREW_ON_ANTI_VIBRATION_HANDLE;STORE_TOOL,44,320.267,30.0,1280x720,PASS,MISSING_LOCAL_VIDEO,NOT_IN_S2,EXCLUDE,outside selected procedure or official S2 subset
LE07UF17_Reassembly_A_003_front,LE07UF17_Reassembly_A_003,LE07UF17,Reassembly_A,front,ATTACH_ADAPTER_PLATE;FINISH_ANGLE_GRINDER_ASSEMBLY;INSERT_BEARING_PLATE_ASSEMBLY;INSTALL_LOCKING_LEVER_ASSEMBLY;INSTALL_ROTOR_ASSEMBLY;NULL;RETRIEVE_ADAPTER_PLATE;RETRIEVE_ANTI_VIBRATION_HANDLE;RETRIEVE_BEARING_PLATE_ASSEMBLY;RETRIEVE_GEARBOX_HOUSING;RETRIEVE_LOCKING_LEVER_ASSEMBLY;RETRIEVE_ROTOR_ASSEMBLY;SCREW_ON_ANTI_VIBRATION_HANDLE;STORE_TOOL,31,283.767,30.0,1280x720,PASS,MISSING_LOCAL_VIDEO,NOT_IN_S2,EXCLUDE,outside selected procedure or official S2 subset
LE07UF17_Reassembly_A_004_front,LE07UF17_Reassembly_A_004,LE07UF17,Reassembly_A,front,ATTACH_ADAPTER_PLATE;FINISH_ANGLE_GRINDER_ASSEMBLY;INSERT_BEARING_PLATE_ASSEMBLY;INSTALL_LOCKING_LEVER_ASSEMBLY;INSTALL_ROTOR_ASSEMBLY;NULL;RETRIEVE_ADAPTER_PLATE;RETRIEVE_ANTI_VIBRATION_HANDLE;RETRIEVE_BEARING_PLATE_ASSEMBLY;RETRIEVE_GEARBOX_HOUSING;RETRIEVE_LOCKING_LEVER_ASSEMBLY;RETRIEVE_ROTOR_ASSEMBLY;SCREW_ON_ANTI_VIBRATION_HANDLE;STORE_TOOL,30,223.733,30.0,1280x720,PASS,MISSING_LOCAL_VIDEO,NOT_IN_S2,EXCLUDE,outside selected procedure or official S2 subset
LE07UF17_Reassembly_B_005_front,LE07UF17_Reassembly_B_005,LE07UF17,Reassembly_B,front,ATTACH_ADAPTER_PLATE;DETACH_ADAPTER_PLATE;FINISH_ANGLE_GRINDER_ASSEMBLY;INSERT_BEARING_PLATE_ASSEMBLY;INSTALL_ROTOR_ASSEMBLY;NULL;RETRIEVE_ADAPTER_PLATE;RETRIEVE_ANTI_VIBRATION_HANDLE;RETRIEVE_BEARING_PLATE_ASSEMBLY;RETRIEVE_GEARBOX_HOUSING;RETRIEVE_ROTOR_ASSEMBLY;SCREW_ON_ANTI_VIBRATION_HANDLE;STORE_TOOL,32,313.067,30.0,1280x720,PASS,MISSING_LOCAL_VIDEO,NOT_IN_S2,EXCLUDE,outside selected procedure or official S2 subset
MA07LF04_Disassembly_A_001_front,MA07LF04_Disassembly_A_001,MA07LF04,Disassembly_A,front,ATTACH_ADAPTER_PLATE;DETACH_ADAPTER_PLATE;EXTRACT_BEARING_PLATE_ASSEMBLY;NULL;REMOVE_LOCKING_LEVER_ASSEMBLY;REMOVE_ROTOR_ASSEMBLY;START_ANGLE_GRINDER_ASSEMBLY;STORE_ADAPTER_PLATE;STORE_ANTI_VIBRATION_HANDLE;STORE_BEARING_PLATE_ASSEMBLY;STORE_GEARBOX_HOUSING;STORE_LOCKING_LEVER_ASSEMBLY;STORE_ROTOR_ASSEMBLY;UNSCREW_ANTI_VIBRATION_HANDLE,74,525.767,30.0,1280x720,PASS,MISSING_LOCAL_VIDEO,val,KEEP,target procedure and official S2 split
MA07LF04_Disassembly_A_003_front,MA07LF04_Disassembly_A_003,MA07LF04,Disassembly_A,front,DETACH_ADAPTER_PLATE;EXTRACT_BEARING_PLATE_ASSEMBLY;NULL;REMOVE_LOCKING_LEVER_ASSEMBLY;REMOVE_ROTOR_ASSEMBLY;RETRIEVE_LOCKING_LEVER_ASSEMBLY;START_ANGLE_GRINDER_ASSEMBLY;STORE_ADAPTER_PLATE;STORE_ANTI_VIBRATION_HANDLE;STORE_BEARING_PLATE_ASSEMBLY;STORE_GEARBOX_HOUSING;STORE_LOCKING_LEVER_ASSEMBLY;STORE_ROTOR_ASSEMBLY;UNSCREW_ANTI_VIBRATION_HANDLE,32,187.033,30.0,1280x720,PASS,MISSING_LOCAL_VIDEO,train,KEEP,target procedure and official S2 split
MA07LF04_Disassembly_A_004_front,MA07LF04_Disassembly_A_004,MA07LF04,Disassembly_A,front,DETACH_ADAPTER_PLATE;EXTRACT_BEARING_PLATE_ASSEMBLY;NULL;REMOVE_LOCKING_LEVER_ASSEMBLY;REMOVE_ROTOR_ASSEMBLY;START_ANGLE_GRINDER_ASSEMBLY;STORE_ADAPTER_PLATE;STORE_ANTI_VIBRATION_HANDLE;STORE_BEARING_PLATE_ASSEMBLY;STORE_GEARBOX_HOUSING;STORE_LOCKING_LEVER_ASSEMBLY;STORE_ROTOR_ASSEMBLY;UNSCREW_ANTI_VIBRATION_HANDLE,32,178.1,30.0,1280x720,PASS,MISSING_LOCAL_VIDEO,train,KEEP,target procedure and official S2 split
MA07LF04_Disassembly_B_005_front,MA07LF04_Disassembly_B_005,MA07LF04,Disassembly_B,front,DETACH_ADAPTER_PLATE;EXTRACT_BEARING_PLATE_ASSEMBLY;NULL;REMOVE_ROTOR_ASSEMBLY;RETRIEVE_ADAPTER_PLATE;RETRIEVE_BEARING_PLATE_ASSEMBLY;START_ANGLE_GRINDER_ASSEMBLY;STORE_ADAPTER_PLATE;STORE_ANTI_VIBRATION_HANDLE;STORE_BEARING_PLATE_ASSEMBLY;STORE_GEARBOX_HOUSING;STORE_ROTOR_ASSEMBLY;UNSCREW_ANTI_VIBRATION_HANDLE,39,325.867,30.0,1280x720,PASS,MISSING_LOCAL_VIDEO,NOT_IN_S2,EXCLUDE,outside selected procedure or official S2 subset
MA07LF04_Reassembly_A_001_front,MA07LF04_Reassembly_A_001,MA07LF04,Reassembly_A,front,ATTACH_ADAPTER_PLATE;DETACH_ADAPTER_PLATE;EXTRACT_BEARING_PLATE_ASSEMBLY;FINISH_ANGLE_GRINDER_ASSEMBLY;INSERT_BEARING_PLATE_ASSEMBLY;INSTALL_LOCKING_LEVER_ASSEMBLY;INSTALL_ROTOR_ASSEMBLY;NULL;REMOVE_LOCKING_LEVER_ASSEMBLY;REMOVE_ROTOR_ASSEMBLY;RETRIEVE_ADAPTER_PLATE;RETRIEVE_ANTI_VIBRATION_HANDLE;RETRIEVE_BEARING_PLATE_ASSEMBLY;RETRIEVE_GEARBOX_HOUSING;RETRIEVE_LOCKING_LEVER_ASSEMBLY;RETRIEVE_ROTOR_ASSEMBLY;SCREW_ON_ANTI_VIBRATION_HANDLE,83,617.833,30.0,1280x720,PASS,MISSING_LOCAL_VIDEO,NOT_IN_S2,EXCLUDE,outside selected procedure or official S2 subset
MA07LF04_Reassembly_A_002_front,MA07LF04_Reassembly_A_002,MA07LF04,Reassembly_A,front,ATTACH_ADAPTER_PLATE;EXTRACT_BEARING_PLATE_ASSEMBLY;FINISH_ANGLE_GRINDER_ASSEMBLY;INSERT_BEARING_PLATE_ASSEMBLY;INSTALL_LOCKING_LEVER_ASSEMBLY;INSTALL_ROTOR_ASSEMBLY;NULL;REMOVE_ROTOR_ASSEMBLY;RETRIEVE_ADAPTER_PLATE;RETRIEVE_ANTI_VIBRATION_HANDLE;RETRIEVE_BEARING_PLATE_ASSEMBLY;RETRIEVE_GEARBOX_HOUSING;RETRIEVE_LOCKING_LEVER_ASSEMBLY;RETRIEVE_ROTOR_ASSEMBLY;SCREW_ON_ANTI_VIBRATION_HANDLE;UNSCREW_ANTI_VIBRATION_HANDLE,43,341.667,30.0,1280x720,PASS,MISSING_LOCAL_VIDEO,NOT_IN_S2,EXCLUDE,outside selected procedure or official S2 subset
MA07LF04_Reassembly_A_003_front,MA07LF04_Reassembly_A_003,MA07LF04,Reassembly_A,front,ATTACH_ADAPTER_PLATE;FINISH_ANGLE_GRINDER_ASSEMBLY;INSERT_BEARING_PLATE_ASSEMBLY;INSTALL_LOCKING_LEVER_ASSEMBLY;INSTALL_ROTOR_ASSEMBLY;NULL;RETRIEVE_ADAPTER_PLATE;RETRIEVE_ANTI_VIBRATION_HANDLE;RETRIEVE_BEARING_PLATE_ASSEMBLY;RETRIEVE_GEARBOX_HOUSING;RETRIEVE_LOCKING_LEVER_ASSEMBLY;RETRIEVE_ROTOR_ASSEMBLY;SCREW_ON_ANTI_VIBRATION_HANDLE,22,303.767,30.0,1280x720,PASS,MISSING_LOCAL_VIDEO,NOT_IN_S2,EXCLUDE,outside selected procedure or official S2 subset
MA07LF04_Reassembly_B_005_front,MA07LF04_Reassembly_B_005,MA07LF04,Reassembly_B,front,ATTACH_ADAPTER_PLATE;DETACH_ADAPTER_PLATE;EXTRACT_BEARING_PLATE_ASSEMBLY;FINISH_ANGLE_GRINDER_ASSEMBLY;INSERT_BEARING_PLATE_ASSEMBLY;INSTALL_ROTOR_ASSEMBLY;NULL;REMOVE_ROTOR_ASSEMBLY;RETRIEVE_ADAPTER_PLATE;RETRIEVE_ANTI_VIBRATION_HANDLE;RETRIEVE_BEARING_PLATE_ASSEMBLY;RETRIEVE_GEARBOX_HOUSING;RETRIEVE_ROTOR_ASSEMBLY;SCREW_ON_ANTI_VIBRATION_HANDLE,76,824.0,30.0,1280x720,PASS,MISSING_LOCAL_VIDEO,NOT_IN_S2,EXCLUDE,outside selected procedure or official S2 subset
NA07GE21_Disassembly_A_001_front,NA07GE21_Disassembly_A_001,NA07GE21,Disassembly_A,front,DETACH_ADAPTER_PLATE;EXTRACT_BEARING_PLATE_ASSEMBLY;NULL;REMOVE_LOCKING_LEVER_ASSEMBLY;REMOVE_ROTOR_ASSEMBLY;START_ANGLE_GRINDER_ASSEMBLY;STORE_ADAPTER_PLATE;STORE_ANTI_VIBRATION_HANDLE;STORE_BEARING_PLATE_ASSEMBLY;STORE_GEARBOX_HOUSING;STORE_LOCKING_LEVER_ASSEMBLY;STORE_ROTOR_ASSEMBLY;STORE_TOOL;UNSCREW_ANTI_VIBRATION_HANDLE,55,386.467,30.0,1280x720,PASS,MISSING_LOCAL_VIDEO,train,KEEP,target procedure and official S2 split
NA07GE21_Disassembly_A_002_front,NA07GE21_Disassembly_A_002,NA07GE21,Disassembly_A,front,DETACH_ADAPTER_PLATE;EXTRACT_BEARING_PLATE_ASSEMBLY;NULL;REMOVE_LOCKING_LEVER_ASSEMBLY;REMOVE_ROTOR_ASSEMBLY;START_ANGLE_GRINDER_ASSEMBLY;STORE_ADAPTER_PLATE;STORE_ANTI_VIBRATION_HANDLE;STORE_BEARING_PLATE_ASSEMBLY;STORE_GEARBOX_HOUSING;STORE_LOCKING_LEVER_ASSEMBLY;STORE_ROTOR_ASSEMBLY;STORE_TOOL;UNSCREW_ANTI_VIBRATION_HANDLE,42,233.033,30.0,1280x720,PASS,MISSING_LOCAL_VIDEO,train,KEEP,target procedure and official S2 split
NA07GE21_Disassembly_A_003_front,NA07GE21_Disassembly_A_003,NA07GE21,Disassembly_A,front,DETACH_ADAPTER_PLATE;EXTRACT_BEARING_PLATE_ASSEMBLY;NULL;REMOVE_LOCKING_LEVER_ASSEMBLY;REMOVE_ROTOR_ASSEMBLY;START_ANGLE_GRINDER_ASSEMBLY;STORE_ADAPTER_PLATE;STORE_ANTI_VIBRATION_HANDLE;STORE_BEARING_PLATE_ASSEMBLY;STORE_LOCKING_LEVER_ASSEMBLY;STORE_ROTOR_ASSEMBLY;STORE_TOOL;UNSCREW_ANTI_VIBRATION_HANDLE,37,199.733,30.0,1280x720,PASS,MISSING_LOCAL_VIDEO,val,KEEP,target procedure and official S2 split
NA07GE21_Disassembly_A_004_front,NA07GE21_Disassembly_A_004,NA07GE21,Disassembly_A,front,DETACH_ADAPTER_PLATE;EXTRACT_BEARING_PLATE_ASSEMBLY;NULL;REMOVE_LOCKING_LEVER_ASSEMBLY;REMOVE_ROTOR_ASSEMBLY;START_ANGLE_GRINDER_ASSEMBLY;STORE_ADAPTER_PLATE;STORE_ANTI_VIBRATION_HANDLE;STORE_BEARING_PLATE_ASSEMBLY;STORE_GEARBOX_HOUSING;STORE_LOCKING_LEVER_ASSEMBLY;STORE_ROTOR_ASSEMBLY;STORE_TOOL;UNSCREW_ANTI_VIBRATION_HANDLE,30,191.133,30.0,1280x720,PASS,MISSING_LOCAL_VIDEO,train,KEEP,target procedure and official S2 split
NA07GE21_Reassembly_A_001_front,NA07GE21_Reassembly_A_001,NA07GE21,Reassembly_A,front,ATTACH_ADAPTER_PLATE;DETACH_ADAPTER_PLATE;FINISH_ANGLE_GRINDER_ASSEMBLY;INSERT_BEARING_PLATE_ASSEMBLY;INSTALL_LOCKING_LEVER_ASSEMBLY;INSTALL_ROTOR_ASSEMBLY;NULL;REMOVE_ROTOR_ASSEMBLY;RETRIEVE_ADAPTER_PLATE;RETRIEVE_ANTI_VIBRATION_HANDLE;RETRIEVE_BEARING_PLATE_ASSEMBLY;RETRIEVE_GEARBOX_HOUSING;RETRIEVE_LOCKING_LEVER_ASSEMBLY;RETRIEVE_ROTOR_ASSEMBLY;SCREW_ON_ANTI_VIBRATION_HANDLE;STORE_TOOL,58,366.033,30.0,1280x720,PASS,MISSING_LOCAL_VIDEO,NOT_IN_S2,EXCLUDE,outside selected procedure or official S2 subset
NA07GE21_Reassembly_A_002_front,NA07GE21_Reassembly_A_002,NA07GE21,Reassembly_A,front,ATTACH_ADAPTER_PLATE;FINISH_ANGLE_GRINDER_ASSEMBLY;INSERT_BEARING_PLATE_ASSEMBLY;INSTALL_ROTOR_ASSEMBLY;NULL;RETRIEVE_ADAPTER_PLATE;RETRIEVE_ANTI_VIBRATION_HANDLE;RETRIEVE_BEARING_PLATE_ASSEMBLY;RETRIEVE_GEARBOX_HOUSING;RETRIEVE_LOCKING_LEVER_ASSEMBLY;RETRIEVE_ROTOR_ASSEMBLY;SCREW_ON_ANTI_VIBRATION_HANDLE;STORE_TOOL,37,238.2,30.0,1280x720,PASS,MISSING_LOCAL_VIDEO,NOT_IN_S2,EXCLUDE,outside selected procedure or official S2 subset
NA07GE21_Reassembly_A_003_front,NA07GE21_Reassembly_A_003,NA07GE21,Reassembly_A,front,ATTACH_ADAPTER_PLATE;FINISH_ANGLE_GRINDER_ASSEMBLY;INSERT_BEARING_PLATE_ASSEMBLY;INSTALL_LOCKING_LEVER_ASSEMBLY;INSTALL_ROTOR_ASSEMBLY;NULL;REMOVE_ROTOR_ASSEMBLY;RETRIEVE_ADAPTER_PLATE;RETRIEVE_ANTI_VIBRATION_HANDLE;RETRIEVE_BEARING_PLATE_ASSEMBLY;RETRIEVE_GEARBOX_HOUSING;RETRIEVE_LOCKING_LEVER_ASSEMBLY;RETRIEVE_ROTOR_ASSEMBLY;SCREW_ON_ANTI_VIBRATION_HANDLE;STORE_TOOL,47,184.167,30.0,1280x720,PASS,MISSING_LOCAL_VIDEO,NOT_IN_S2,EXCLUDE,outside selected procedure or official S2 subset
NA07GE21_Reassembly_A_004_front,NA07GE21_Reassembly_A_004,NA07GE21,Reassembly_A,front,ATTACH_ADAPTER_PLATE;FINISH_ANGLE_GRINDER_ASSEMBLY;INSERT_BEARING_PLATE_ASSEMBLY;INSTALL_LOCKING_LEVER_ASSEMBLY;INSTALL_ROTOR_ASSEMBLY;NULL;RETRIEVE_ADAPTER_PLATE;RETRIEVE_ANTI_VIBRATION_HANDLE;RETRIEVE_BEARING_PLATE_ASSEMBLY;RETRIEVE_GEARBOX_HOUSING;RETRIEVE_LOCKING_LEVER_ASSEMBLY;RETRIEVE_ROTOR_ASSEMBLY;SCREW_ON_ANTI_VIBRATION_HANDLE;STORE_TOOL,43,198.667,30.0,1280x720,PASS,MISSING_LOCAL_VIDEO,NOT_IN_S2,EXCLUDE,outside selected procedure or official S2 subset
NA07GE21_Reassembly_B_005_front,NA07GE21_Reassembly_B_005,NA07GE21,Reassembly_B,front,ATTACH_ADAPTER_PLATE;FINISH_ANGLE_GRINDER_ASSEMBLY;INSERT_BEARING_PLATE_ASSEMBLY;INSTALL_ROTOR_ASSEMBLY;NULL;RETRIEVE_ADAPTER_PLATE;RETRIEVE_ANTI_VIBRATION_HANDLE;RETRIEVE_BEARING_PLATE_ASSEMBLY;RETRIEVE_ROTOR_ASSEMBLY;SCREW_ON_ANTI_VIBRATION_HANDLE;STORE_TOOL,22,153.367,30.0,1280x720,PASS,MISSING_LOCAL_VIDEO,NOT_IN_S2,EXCLUDE,outside selected procedure or official S2 subset
SS07EL13_Disassembly_A_001_front,SS07EL13_Disassembly_A_001,SS07EL13,Disassembly_A,front,EXTRACT_BEARING_PLATE_ASSEMBLY;NULL;REMOVE_LOCKING_LEVER_ASSEMBLY;REMOVE_ROTOR_ASSEMBLY;START_ANGLE_GRINDER_ASSEMBLY;STORE_ADAPTER_PLATE;STORE_ANTI_VIBRATION_HANDLE;STORE_BEARING_PLATE_ASSEMBLY;STORE_LOCKING_LEVER_ASSEMBLY;STORE_ROTOR_ASSEMBLY;STORE_TOOL;UNSCREW_ANTI_VIBRATION_HANDLE,38,225.2,30.0,1280x720,PASS,MISSING_LOCAL_VIDEO,test,KEEP,target procedure and official S2 split
SS07EL13_Disassembly_A_002_front,SS07EL13_Disassembly_A_002,SS07EL13,Disassembly_A,front,DETACH_ADAPTER_PLATE;EXTRACT_BEARING_PLATE_ASSEMBLY;NULL;REMOVE_LOCKING_LEVER_ASSEMBLY;REMOVE_ROTOR_ASSEMBLY;START_ANGLE_GRINDER_ASSEMBLY;STORE_ADAPTER_PLATE;STORE_ANTI_VIBRATION_HANDLE;STORE_BEARING_PLATE_ASSEMBLY;STORE_LOCKING_LEVER_ASSEMBLY;STORE_ROTOR_ASSEMBLY;UNSCREW_ANTI_VIBRATION_HANDLE,42,131.3,30.0,1280x720,PASS,MISSING_LOCAL_VIDEO,test,KEEP,target procedure and official S2 split
SS07EL13_Disassembly_A_003_front,SS07EL13_Disassembly_A_003,SS07EL13,Disassembly_A,front,DETACH_ADAPTER_PLATE;EXTRACT_BEARING_PLATE_ASSEMBLY;NULL;REMOVE_LOCKING_LEVER_ASSEMBLY;REMOVE_ROTOR_ASSEMBLY;START_ANGLE_GRINDER_ASSEMBLY;STORE_ADAPTER_PLATE;STORE_ANTI_VIBRATION_HANDLE;STORE_BEARING_PLATE_ASSEMBLY;STORE_LOCKING_LEVER_ASSEMBLY;STORE_ROTOR_ASSEMBLY;STORE_TOOL;UNSCREW_ANTI_VIBRATION_HANDLE,35,134.667,30.0,1280x720,PASS,MISSING_LOCAL_VIDEO,test,KEEP,target procedure and official S2 split
SS07EL13_Disassembly_A_004_front,SS07EL13_Disassembly_A_004,SS07EL13,Disassembly_A,front,DETACH_ADAPTER_PLATE;EXTRACT_BEARING_PLATE_ASSEMBLY;NULL;REMOVE_LOCKING_LEVER_ASSEMBLY;REMOVE_ROTOR_ASSEMBLY;START_ANGLE_GRINDER_ASSEMBLY;STORE_ADAPTER_PLATE;STORE_ANTI_VIBRATION_HANDLE;STORE_BEARING_PLATE_ASSEMBLY;STORE_GEARBOX_HOUSING;STORE_LOCKING_LEVER_ASSEMBLY;STORE_ROTOR_ASSEMBLY;STORE_TOOL;UNSCREW_ANTI_VIBRATION_HANDLE,34,118.1,30.0,1280x720,PASS,MISSING_LOCAL_VIDEO,test,KEEP,target procedure and official S2 split
SS07EL13_Disassembly_B_005_front,SS07EL13_Disassembly_B_005,SS07EL13,Disassembly_B,front,DETACH_ADAPTER_PLATE;EXTRACT_BEARING_PLATE_ASSEMBLY;NULL;REMOVE_ROTOR_ASSEMBLY;RETRIEVE_ADAPTER_PLATE;RETRIEVE_BEARING_PLATE_ASSEMBLY;START_ANGLE_GRINDER_ASSEMBLY;STORE_ADAPTER_PLATE;STORE_ANTI_VIBRATION_HANDLE;STORE_BEARING_PLATE_ASSEMBLY;STORE_GEARBOX_HOUSING;STORE_ROTOR_ASSEMBLY;STORE_TOOL;UNSCREW_ANTI_VIBRATION_HANDLE,38,177.233,30.0,1280x720,PASS,MISSING_LOCAL_VIDEO,NOT_IN_S2,EXCLUDE,outside selected procedure or official S2 subset
SS07EL13_Reassembly_A_001_front,SS07EL13_Reassembly_A_001,SS07EL13,Reassembly_A,front,ATTACH_ADAPTER_PLATE;DETACH_ADAPTER_PLATE;EXTRACT_BEARING_PLATE_ASSEMBLY;INSERT_BEARING_PLATE_ASSEMBLY;INSTALL_LOCKING_LEVER_ASSEMBLY;INSTALL_ROTOR_ASSEMBLY;NULL;RETRIEVE_ADAPTER_PLATE;RETRIEVE_ANTI_VIBRATION_HANDLE;RETRIEVE_BEARING_PLATE_ASSEMBLY;RETRIEVE_GEARBOX_HOUSING;RETRIEVE_LOCKING_LEVER_ASSEMBLY;RETRIEVE_ROTOR_ASSEMBLY;SCREW_ON_ANTI_VIBRATION_HANDLE;STORE_TOOL,54,339.1,30.0,1280x720,PASS,MISSING_LOCAL_VIDEO,NOT_IN_S2,EXCLUDE,outside selected procedure or official S2 subset
SS07EL13_Reassembly_A_002_front,SS07EL13_Reassembly_A_002,SS07EL13,Reassembly_A,front,ATTACH_ADAPTER_PLATE;FINISH_ANGLE_GRINDER_ASSEMBLY;INSERT_BEARING_PLATE_ASSEMBLY;INSTALL_LOCKING_LEVER_ASSEMBLY;INSTALL_ROTOR_ASSEMBLY;NULL;RETRIEVE_ADAPTER_PLATE;RETRIEVE_ANTI_VIBRATION_HANDLE;RETRIEVE_BEARING_PLATE_ASSEMBLY;RETRIEVE_GEARBOX_HOUSING;RETRIEVE_LOCKING_LEVER_ASSEMBLY;RETRIEVE_ROTOR_ASSEMBLY;SCREW_ON_ANTI_VIBRATION_HANDLE;STORE_TOOL,39,205.767,30.0,1280x720,PASS,MISSING_LOCAL_VIDEO,NOT_IN_S2,EXCLUDE,outside selected procedure or official S2 subset
SS07EL13_Reassembly_A_004_front,SS07EL13_Reassembly_A_004,SS07EL13,Reassembly_A,front,ATTACH_ADAPTER_PLATE;DETACH_ADAPTER_PLATE;FINISH_ANGLE_GRINDER_ASSEMBLY;INSERT_BEARING_PLATE_ASSEMBLY;INSTALL_LOCKING_LEVER_ASSEMBLY;INSTALL_ROTOR_ASSEMBLY;NULL;REMOVE_ROTOR_ASSEMBLY;RETRIEVE_ADAPTER_PLATE;RETRIEVE_ANTI_VIBRATION_HANDLE;RETRIEVE_BEARING_PLATE_ASSEMBLY;RETRIEVE_GEARBOX_HOUSING;RETRIEVE_LOCKING_LEVER_ASSEMBLY;RETRIEVE_ROTOR_ASSEMBLY;SCREW_ON_ANTI_VIBRATION_HANDLE;STORE_TOOL,41,223.0,30.0,1280x720,PASS,MISSING_LOCAL_VIDEO,NOT_IN_S2,EXCLUDE,outside selected procedure or official S2 subset
SS07EL13_Reassembly_B_005_front,SS07EL13_Reassembly_B_005,SS07EL13,Reassembly_B,front,ATTACH_ADAPTER_PLATE;DETACH_ADAPTER_PLATE;FINISH_ANGLE_GRINDER_ASSEMBLY;INSERT_BEARING_PLATE_ASSEMBLY;INSTALL_ROTOR_ASSEMBLY;NULL;REMOVE_ROTOR_ASSEMBLY;RETRIEVE_ADAPTER_PLATE;RETRIEVE_ANTI_VIBRATION_HANDLE;RETRIEVE_BEARING_PLATE_ASSEMBLY;RETRIEVE_GEARBOX_HOUSING;RETRIEVE_ROTOR_ASSEMBLY;SCREW_ON_ANTI_VIBRATION_HANDLE;UNSCREW_ANTI_VIBRATION_HANDLE,42,229.5,30.0,1280x720,PASS,MISSING_LOCAL_VIDEO,NOT_IN_S2,EXCLUDE,outside selected procedure or official S2 subset
TO08CO25_Disassembly_A_002_front,TO08CO25_Disassembly_A_002,TO08CO25,Disassembly_A,front,DETACH_ADAPTER_PLATE;EXTRACT_BEARING_PLATE_ASSEMBLY;NULL;REMOVE_LOCKING_LEVER_ASSEMBLY;REMOVE_ROTOR_ASSEMBLY;RETRIEVE_LOCKING_LEVER_ASSEMBLY;START_ANGLE_GRINDER_ASSEMBLY;STORE_ADAPTER_PLATE;STORE_ANTI_VIBRATION_HANDLE;STORE_BEARING_PLATE_ASSEMBLY;STORE_GEARBOX_HOUSING;STORE_LOCKING_LEVER_ASSEMBLY;STORE_ROTOR_ASSEMBLY;STORE_TOOL;UNSCREW_ANTI_VIBRATION_HANDLE,47,229.9,30.0,1280x720,PASS,MISSING_LOCAL_VIDEO,train,KEEP,target procedure and official S2 split
TO08CO25_Disassembly_A_003_front,TO08CO25_Disassembly_A_003,TO08CO25,Disassembly_A,front,DETACH_ADAPTER_PLATE;EXTRACT_BEARING_PLATE_ASSEMBLY;NULL;REMOVE_LOCKING_LEVER_ASSEMBLY;REMOVE_ROTOR_ASSEMBLY;START_ANGLE_GRINDER_ASSEMBLY;STORE_ADAPTER_PLATE;STORE_ANTI_VIBRATION_HANDLE;STORE_BEARING_PLATE_ASSEMBLY;STORE_GEARBOX_HOUSING;STORE_LOCKING_LEVER_ASSEMBLY;STORE_ROTOR_ASSEMBLY;STORE_TOOL;UNSCREW_ANTI_VIBRATION_HANDLE,39,190.133,30.0,1280x720,PASS,MISSING_LOCAL_VIDEO,train,KEEP,target procedure and official S2 split
TO08CO25_Disassembly_A_004_front,TO08CO25_Disassembly_A_004,TO08CO25,Disassembly_A,front,DETACH_ADAPTER_PLATE;EXTRACT_BEARING_PLATE_ASSEMBLY;NULL;REMOVE_LOCKING_LEVER_ASSEMBLY;REMOVE_ROTOR_ASSEMBLY;START_ANGLE_GRINDER_ASSEMBLY;STORE_ADAPTER_PLATE;STORE_ANTI_VIBRATION_HANDLE;STORE_BEARING_PLATE_ASSEMBLY;STORE_GEARBOX_HOUSING;STORE_LOCKING_LEVER_ASSEMBLY;STORE_ROTOR_ASSEMBLY;STORE_TOOL;UNSCREW_ANTI_VIBRATION_HANDLE,46,175.133,30.0,1280x720,PASS,MISSING_LOCAL_VIDEO,train,KEEP,target procedure and official S2 split
TO08CO25_Disassembly_B_005_front,TO08CO25_Disassembly_B_005,TO08CO25,Disassembly_B,front,DETACH_ADAPTER_PLATE;EXTRACT_BEARING_PLATE_ASSEMBLY;NULL;REMOVE_ROTOR_ASSEMBLY;START_ANGLE_GRINDER_ASSEMBLY;STORE_ADAPTER_PLATE;STORE_ANTI_VIBRATION_HANDLE;STORE_BEARING_PLATE_ASSEMBLY;STORE_GEARBOX_HOUSING;STORE_ROTOR_ASSEMBLY;STORE_TOOL;UNSCREW_ANTI_VIBRATION_HANDLE,45,200.367,30.0,1280x720,PASS,MISSING_LOCAL_VIDEO,NOT_IN_S2,EXCLUDE,outside selected procedure or official S2 subset
TO08CO25_Reassembly_A_002_front,TO08CO25_Reassembly_A_002,TO08CO25,Reassembly_A,front,ATTACH_ADAPTER_PLATE;FINISH_ANGLE_GRINDER_ASSEMBLY;INSERT_BEARING_PLATE_ASSEMBLY;INSTALL_LOCKING_LEVER_ASSEMBLY;INSTALL_ROTOR_ASSEMBLY;NULL;REMOVE_ROTOR_ASSEMBLY;RETRIEVE_ADAPTER_PLATE;RETRIEVE_ANTI_VIBRATION_HANDLE;RETRIEVE_BEARING_PLATE_ASSEMBLY;RETRIEVE_GEARBOX_HOUSING;RETRIEVE_LOCKING_LEVER_ASSEMBLY;RETRIEVE_ROTOR_ASSEMBLY;SCREW_ON_ANTI_VIBRATION_HANDLE;STORE_TOOL,44,276.567,30.0,1280x720,PASS,MISSING_LOCAL_VIDEO,NOT_IN_S2,EXCLUDE,outside selected procedure or official S2 subset
TO08CO25_Reassembly_A_003_front,TO08CO25_Reassembly_A_003,TO08CO25,Reassembly_A,front,ATTACH_ADAPTER_PLATE;FINISH_ANGLE_GRINDER_ASSEMBLY;INSERT_BEARING_PLATE_ASSEMBLY;INSTALL_LOCKING_LEVER_ASSEMBLY;INSTALL_ROTOR_ASSEMBLY;NULL;RETRIEVE_ADAPTER_PLATE;RETRIEVE_ANTI_VIBRATION_HANDLE;RETRIEVE_BEARING_PLATE_ASSEMBLY;RETRIEVE_GEARBOX_HOUSING;RETRIEVE_LOCKING_LEVER_ASSEMBLY;RETRIEVE_ROTOR_ASSEMBLY;SCREW_ON_ANTI_VIBRATION_HANDLE;STORE_TOOL,42,214.2,30.0,1280x720,PASS,MISSING_LOCAL_VIDEO,NOT_IN_S2,EXCLUDE,outside selected procedure or official S2 subset
TO08CO25_Reassembly_A_004_front,TO08CO25_Reassembly_A_004,TO08CO25,Reassembly_A,front,ATTACH_ADAPTER_PLATE;FINISH_ANGLE_GRINDER_ASSEMBLY;INSERT_BEARING_PLATE_ASSEMBLY;INSTALL_LOCKING_LEVER_ASSEMBLY;INSTALL_ROTOR_ASSEMBLY;NULL;RETRIEVE_ADAPTER_PLATE;RETRIEVE_ANTI_VIBRATION_HANDLE;RETRIEVE_BEARING_PLATE_ASSEMBLY;RETRIEVE_GEARBOX_HOUSING;RETRIEVE_LOCKING_LEVER_ASSEMBLY;RETRIEVE_ROTOR_ASSEMBLY;SCREW_ON_ANTI_VIBRATION_HANDLE;STORE_TOOL,40,201.467,30.0,1280x720,PASS,MISSING_LOCAL_VIDEO,NOT_IN_S2,EXCLUDE,outside selected procedure or official S2 subset
TO08CO25_Reassembly_B_005_front,TO08CO25_Reassembly_B_005,TO08CO25,Reassembly_B,front,ATTACH_ADAPTER_PLATE;FINISH_ANGLE_GRINDER_ASSEMBLY;INSERT_BEARING_PLATE_ASSEMBLY;INSTALL_ROTOR_ASSEMBLY;NULL;REMOVE_ROTOR_ASSEMBLY;RETRIEVE_ADAPTER_PLATE;RETRIEVE_ANTI_VIBRATION_HANDLE;RETRIEVE_BEARING_PLATE_ASSEMBLY;RETRIEVE_GEARBOX_HOUSING;RETRIEVE_ROTOR_ASSEMBLY;SCREW_ON_ANTI_VIBRATION_HANDLE;STORE_TOOL,38,211.067,30.0,1280x720,PASS,MISSING_LOCAL_VIDEO,NOT_IN_S2,EXCLUDE,outside selected procedure or official S2 subset
